Time,Iteration,Fitness,Assignment,Local search,Similarity counter
22:06:14 06/12/2020,1,3102,"[2, 18, 0, 8, 1, 16, 4, 19, 11, 6, 13, 9, 5, 20, 10, 7, 17, 12, 3, 14, 15]",False,0
22:06:15 06/12/2020,2,3038,"[4, 11, 6, 2, 0, 14, 16, 8, 5, 1, 9, 18, 20, 3, 15, 7, 10, 12, 17, 19, 13]",False,0
22:06:15 06/12/2020,3,3038,"[4, 11, 6, 2, 0, 14, 16, 8, 5, 1, 9, 18, 20, 3, 15, 7, 10, 12, 17, 19, 13]",False,1
22:06:15 06/12/2020,4,3038,"[4, 11, 6, 2, 0, 14, 16, 8, 5, 1, 9, 18, 20, 3, 15, 7, 10, 12, 17, 19, 13]",False,2
22:06:15 06/12/2020,5,3038,"[7, 0, 3, 20, 12, 5, 13, 10, 6, 14, 18, 2, 15, 11, 9, 8, 16, 17, 1, 4, 19]",False,3
22:06:15 06/12/2020,6,3034,"[20, 13, 6, 11, 9, 0, 4, 3, 18, 2, 5, 15, 12, 1, 19, 7, 16, 8, 17, 10, 14]",False,0
22:06:15 06/12/2020,7,3034,"[20, 13, 6, 11, 9, 0, 4, 3, 18, 2, 5, 15, 12, 1, 19, 7, 16, 8, 17, 10, 14]",False,1
22:06:15 06/12/2020,8,3026,"[13, 0, 17, 11, 19, 12, 4, 20, 7, 6, 5, 8, 9, 1, 18, 3, 2, 15, 14, 16, 10]",False,0
22:06:15 06/12/2020,9,3026,"[13, 0, 17, 11, 19, 12, 4, 20, 7, 6, 5, 8, 9, 1, 18, 3, 2, 15, 14, 16, 10]",False,1
22:06:15 06/12/2020,10,2752,"[4, 1, 12, 20, 17, 14, 18, 5, 8, 6, 9, 15, 7, 19, 11, 2, 10, 0, 16, 3, 13]",True,0
22:06:15 06/12/2020,11,2752,"[4, 1, 12, 20, 17, 14, 18, 5, 8, 6, 9, 15, 7, 19, 11, 2, 10, 0, 16, 3, 13]",False,1
22:06:15 06/12/2020,12,2752,"[4, 1, 12, 20, 17, 14, 18, 5, 8, 6, 9, 15, 7, 19, 11, 2, 10, 0, 16, 3, 13]",False,2
22:06:15 06/12/2020,13,2752,"[4, 1, 12, 20, 17, 14, 18, 5, 8, 6, 9, 15, 7, 19, 11, 2, 10, 0, 16, 3, 13]",False,3
22:06:16 06/12/2020,14,2752,"[4, 1, 12, 20, 17, 14, 18, 5, 8, 6, 9, 15, 7, 19, 11, 2, 10, 0, 16, 3, 13]",True,4
22:06:16 06/12/2020,15,2752,"[4, 1, 12, 20, 17, 14, 18, 5, 8, 6, 9, 15, 7, 19, 11, 2, 10, 0, 16, 3, 13]",False,5
22:06:16 06/12/2020,16,2752,"[4, 1, 12, 20, 17, 14, 18, 5, 8, 6, 9, 15, 7, 19, 11, 2, 10, 0, 16, 3, 13]",False,6
22:06:16 06/12/2020,17,2752,"[4, 1, 12, 20, 17, 14, 18, 5, 8, 6, 9, 15, 7, 19, 11, 2, 10, 0, 16, 3, 13]",False,7
22:06:16 06/12/2020,18,2752,"[4, 1, 12, 20, 17, 14, 18, 5, 8, 6, 9, 15, 7, 19, 11, 2, 10, 0, 16, 3, 13]",False,8
22:06:16 06/12/2020,19,2752,"[4, 1, 12, 20, 17, 14, 18, 5, 8, 6, 9, 15, 7, 19, 11, 2, 10, 0, 16, 3, 13]",False,9
22:06:16 06/12/2020,20,2752,"[4, 1, 12, 20, 17, 14, 18, 5, 8, 6, 9, 15, 7, 19, 11, 2, 10, 0, 16, 3, 13]",False,10
22:06:16 06/12/2020,21,2752,"[4, 1, 12, 20, 17, 14, 18, 5, 8, 6, 9, 15, 7, 19, 11, 2, 10, 0, 16, 3, 13]",False,11
22:06:16 06/12/2020,22,2752,"[4, 1, 12, 20, 17, 14, 18, 5, 8, 6, 9, 15, 7, 19, 11, 2, 10, 0, 16, 3, 13]",True,12
22:06:16 06/12/2020,23,2752,"[4, 1, 12, 20, 17, 14, 18, 5, 8, 6, 9, 15, 7, 19, 11, 2, 10, 0, 16, 3, 13]",False,13
22:06:16 06/12/2020,24,2752,"[4, 1, 12, 20, 17, 14, 18, 5, 8, 6, 9, 15, 7, 19, 11, 2, 10, 0, 16, 3, 13]",False,14
22:06:16 06/12/2020,25,2752,"[4, 1, 12, 20, 17, 14, 18, 5, 8, 6, 9, 15, 7, 19, 11, 2, 10, 0, 16, 3, 13]",False,15
22:06:16 06/12/2020,26,2752,"[4, 1, 12, 20, 17, 14, 18, 5, 8, 6, 9, 15, 7, 19, 11, 2, 10, 0, 16, 3, 13]",False,16
22:06:17 06/12/2020,27,2752,"[4, 1, 12, 20, 17, 14, 18, 5, 8, 6, 9, 15, 7, 19, 11, 2, 10, 0, 16, 3, 13]",True,17
22:06:17 06/12/2020,28,2752,"[4, 1, 12, 20, 17, 14, 18, 5, 8, 6, 9, 15, 7, 19, 11, 2, 10, 0, 16, 3, 13]",False,18
22:06:17 06/12/2020,29,2752,"[4, 1, 12, 20, 17, 14, 18, 5, 8, 6, 9, 15, 7, 19, 11, 2, 10, 0, 16, 3, 13]",False,19
22:06:17 06/12/2020,30,2752,"[4, 1, 12, 20, 17, 14, 18, 5, 8, 6, 9, 15, 7, 19, 11, 2, 10, 0, 16, 3, 13]",False,20
22:06:17 06/12/2020,31,2752,"[4, 1, 12, 20, 17, 14, 18, 5, 8, 6, 9, 15, 7, 19, 11, 2, 10, 0, 16, 3, 13]",False,21
22:06:17 06/12/2020,32,2752,"[4, 1, 12, 20, 17, 14, 18, 5, 8, 6, 9, 15, 7, 19, 11, 2, 10, 0, 16, 3, 13]",False,22
22:06:17 06/12/2020,33,2752,"[4, 1, 12, 20, 17, 14, 18, 5, 8, 6, 9, 15, 7, 19, 11, 2, 10, 0, 16, 3, 13]",False,23
22:06:17 06/12/2020,34,2752,"[4, 1, 12, 20, 17, 14, 18, 5, 8, 6, 9, 15, 7, 19, 11, 2, 10, 0, 16, 3, 13]",False,24
22:06:17 06/12/2020,35,2752,"[4, 1, 12, 20, 17, 14, 18, 5, 8, 6, 9, 15, 7, 19, 11, 2, 10, 0, 16, 3, 13]",False,25
22:06:17 06/12/2020,36,2752,"[4, 1, 12, 20, 17, 14, 18, 5, 8, 6, 9, 15, 7, 19, 11, 2, 10, 0, 16, 3, 13]",False,26
22:06:17 06/12/2020,37,2752,"[4, 1, 12, 20, 17, 14, 18, 5, 8, 6, 9, 15, 7, 19, 11, 2, 10, 0, 16, 3, 13]",False,27
22:06:17 06/12/2020,38,2752,"[4, 1, 12, 20, 17, 14, 18, 5, 8, 6, 9, 15, 7, 19, 11, 2, 10, 0, 16, 3, 13]",False,28
22:06:17 06/12/2020,39,2752,"[4, 1, 12, 20, 17, 14, 18, 5, 8, 6, 9, 15, 7, 19, 11, 2, 10, 0, 16, 3, 13]",False,29
22:06:18 06/12/2020,40,2752,"[4, 1, 12, 20, 17, 14, 18, 5, 8, 6, 9, 15, 7, 19, 11, 2, 10, 0, 16, 3, 13]",False,30
22:06:18 06/12/2020,41,2752,"[4, 1, 12, 20, 17, 14, 18, 5, 8, 6, 9, 15, 7, 19, 11, 2, 10, 0, 16, 3, 13]",False,31
22:06:18 06/12/2020,42,2752,"[4, 1, 12, 20, 17, 14, 18, 5, 8, 6, 9, 15, 7, 19, 11, 2, 10, 0, 16, 3, 13]",False,32
22:06:18 06/12/2020,43,2752,"[4, 1, 12, 20, 17, 14, 18, 5, 8, 6, 9, 15, 7, 19, 11, 2, 10, 0, 16, 3, 13]",False,33
22:06:18 06/12/2020,44,2752,"[4, 1, 12, 20, 17, 14, 18, 5, 8, 6, 9, 15, 7, 19, 11, 2, 10, 0, 16, 3, 13]",True,34
22:06:18 06/12/2020,45,2752,"[4, 1, 12, 20, 17, 14, 18, 5, 8, 6, 9, 15, 7, 19, 11, 2, 10, 0, 16, 3, 13]",True,35
22:06:18 06/12/2020,46,2752,"[4, 1, 12, 20, 17, 14, 18, 5, 8, 6, 9, 15, 7, 19, 11, 2, 10, 0, 16, 3, 13]",False,36
22:06:18 06/12/2020,47,2752,"[4, 1, 12, 20, 17, 14, 18, 5, 8, 6, 9, 15, 7, 19, 11, 2, 10, 0, 16, 3, 13]",False,37
22:06:18 06/12/2020,48,2752,"[4, 1, 12, 20, 17, 14, 18, 5, 8, 6, 9, 15, 7, 19, 11, 2, 10, 0, 16, 3, 13]",True,38
22:06:18 06/12/2020,49,2752,"[14, 5, 9, 11, 12, 16, 1, 10, 13, 15, 8, 6, 18, 0, 3, 19, 17, 20, 2, 7, 4]",True,39
22:06:18 06/12/2020,50,2752,"[14, 5, 9, 11, 12, 16, 1, 10, 13, 15, 8, 6, 18, 0, 3, 19, 17, 20, 2, 7, 4]",False,40
22:06:19 06/12/2020,51,2752,"[14, 5, 9, 11, 12, 16, 1, 10, 13, 15, 8, 6, 18, 0, 3, 19, 17, 20, 2, 7, 4]",False,41
22:06:19 06/12/2020,52,2752,"[14, 5, 9, 11, 12, 16, 1, 10, 13, 15, 8, 6, 18, 0, 3, 19, 17, 20, 2, 7, 4]",False,42
22:06:19 06/12/2020,53,2752,"[14, 5, 9, 11, 12, 16, 1, 10, 13, 15, 8, 6, 18, 0, 3, 19, 17, 20, 2, 7, 4]",False,43
22:06:19 06/12/2020,54,2752,"[14, 5, 9, 11, 12, 16, 1, 10, 13, 15, 8, 6, 18, 0, 3, 19, 17, 20, 2, 7, 4]",False,44
22:06:19 06/12/2020,55,2726,"[19, 2, 17, 20, 1, 12, 5, 13, 3, 0, 6, 15, 4, 11, 10, 7, 16, 18, 9, 8, 14]",True,0
22:06:19 06/12/2020,56,2726,"[19, 2, 17, 20, 1, 12, 5, 13, 3, 0, 6, 15, 4, 11, 10, 7, 16, 18, 9, 8, 14]",False,1
22:06:19 06/12/2020,57,2726,"[19, 2, 17, 20, 1, 12, 5, 13, 3, 0, 6, 15, 4, 11, 10, 7, 16, 18, 9, 8, 14]",False,2
22:06:19 06/12/2020,58,2726,"[19, 2, 17, 20, 1, 12, 5, 13, 3, 0, 6, 15, 4, 11, 10, 7, 16, 18, 9, 8, 14]",True,3
22:06:19 06/12/2020,59,2726,"[19, 2, 17, 20, 1, 12, 5, 13, 3, 0, 6, 15, 4, 11, 10, 7, 16, 18, 9, 8, 14]",False,4
22:06:19 06/12/2020,60,2726,"[19, 2, 17, 20, 1, 12, 5, 13, 3, 0, 6, 15, 4, 11, 10, 7, 16, 18, 9, 8, 14]",False,5
22:06:19 06/12/2020,61,2726,"[19, 2, 17, 20, 1, 12, 5, 13, 3, 0, 6, 15, 4, 11, 10, 7, 16, 18, 9, 8, 14]",False,6
22:06:19 06/12/2020,62,2726,"[19, 2, 17, 20, 1, 12, 5, 13, 3, 0, 6, 15, 4, 11, 10, 7, 16, 18, 9, 8, 14]",False,7
22:06:19 06/12/2020,63,2726,"[19, 2, 17, 20, 1, 12, 5, 13, 3, 0, 6, 15, 4, 11, 10, 7, 16, 18, 9, 8, 14]",False,8
22:06:20 06/12/2020,64,2726,"[19, 2, 17, 20, 1, 12, 5, 13, 3, 0, 6, 15, 4, 11, 10, 7, 16, 18, 9, 8, 14]",False,9
22:06:20 06/12/2020,65,2726,"[19, 2, 17, 20, 1, 12, 5, 13, 3, 0, 6, 15, 4, 11, 10, 7, 16, 18, 9, 8, 14]",False,10
22:06:20 06/12/2020,66,2726,"[19, 2, 17, 20, 1, 12, 5, 13, 3, 0, 6, 15, 4, 11, 10, 7, 16, 18, 9, 8, 14]",False,11
22:06:20 06/12/2020,67,2636,"[14, 16, 10, 5, 17, 4, 1, 0, 9, 11, 12, 13, 19, 3, 18, 7, 6, 8, 15, 2, 20]",True,0
22:06:20 06/12/2020,68,2636,"[14, 16, 10, 5, 17, 4, 1, 0, 9, 11, 12, 13, 19, 3, 18, 7, 6, 8, 15, 2, 20]",True,1
22:06:20 06/12/2020,69,2636,"[14, 16, 10, 5, 17, 4, 1, 0, 9, 11, 12, 13, 19, 3, 18, 7, 6, 8, 15, 2, 20]",False,2
22:06:20 06/12/2020,70,2636,"[14, 16, 10, 5, 17, 4, 1, 0, 9, 11, 12, 13, 19, 3, 18, 7, 6, 8, 15, 2, 20]",False,3
22:06:20 06/12/2020,71,2636,"[14, 16, 10, 5, 17, 4, 1, 0, 9, 11, 12, 13, 19, 3, 18, 7, 6, 8, 15, 2, 20]",False,4
22:06:20 06/12/2020,72,2636,"[14, 16, 10, 5, 17, 4, 1, 0, 9, 11, 12, 13, 19, 3, 18, 7, 6, 8, 15, 2, 20]",False,5
22:06:20 06/12/2020,73,2636,"[14, 16, 10, 5, 17, 4, 1, 0, 9, 11, 12, 13, 19, 3, 18, 7, 6, 8, 15, 2, 20]",False,6
22:06:20 06/12/2020,74,2636,"[14, 16, 10, 5, 17, 4, 1, 0, 9, 11, 12, 13, 19, 3, 18, 7, 6, 8, 15, 2, 20]",False,7
22:06:20 06/12/2020,75,2636,"[14, 16, 10, 5, 17, 4, 1, 0, 9, 11, 12, 13, 19, 3, 18, 7, 6, 8, 15, 2, 20]",False,8
22:06:20 06/12/2020,76,2636,"[14, 16, 10, 5, 17, 4, 1, 0, 9, 11, 12, 13, 19, 3, 18, 7, 6, 8, 15, 2, 20]",False,9
22:06:21 06/12/2020,77,2636,"[14, 16, 10, 5, 17, 4, 1, 0, 9, 11, 12, 13, 19, 3, 18, 7, 6, 8, 15, 2, 20]",True,10
22:06:21 06/12/2020,78,2636,"[14, 16, 10, 5, 17, 4, 1, 0, 9, 11, 12, 13, 19, 3, 18, 7, 6, 8, 15, 2, 20]",True,11
22:06:21 06/12/2020,79,2636,"[14, 16, 10, 5, 17, 4, 1, 0, 9, 11, 12, 13, 19, 3, 18, 7, 6, 8, 15, 2, 20]",False,12
22:06:21 06/12/2020,80,2636,"[14, 16, 10, 5, 17, 4, 1, 0, 9, 11, 12, 13, 19, 3, 18, 7, 6, 8, 15, 2, 20]",False,13
22:06:21 06/12/2020,81,2636,"[14, 16, 10, 5, 17, 4, 1, 0, 9, 11, 12, 13, 19, 3, 18, 7, 6, 8, 15, 2, 20]",False,14
22:06:21 06/12/2020,82,2636,"[14, 16, 10, 5, 17, 4, 1, 0, 9, 11, 12, 13, 19, 3, 18, 7, 6, 8, 15, 2, 20]",False,15
22:06:21 06/12/2020,83,2636,"[14, 16, 10, 5, 17, 4, 1, 0, 9, 11, 12, 13, 19, 3, 18, 7, 6, 8, 15, 2, 20]",False,16
22:06:21 06/12/2020,84,2636,"[14, 16, 10, 5, 17, 4, 1, 0, 9, 11, 12, 13, 19, 3, 18, 7, 6, 8, 15, 2, 20]",False,17
22:06:21 06/12/2020,85,2636,"[14, 16, 10, 5, 17, 4, 1, 0, 9, 11, 12, 13, 19, 3, 18, 7, 6, 8, 15, 2, 20]",False,18
22:06:21 06/12/2020,86,2636,"[14, 16, 10, 5, 17, 4, 1, 0, 9, 11, 12, 13, 19, 3, 18, 7, 6, 8, 15, 2, 20]",False,19
22:06:21 06/12/2020,87,2636,"[14, 16, 10, 5, 17, 4, 1, 0, 9, 11, 12, 13, 19, 3, 18, 7, 6, 8, 15, 2, 20]",False,20
22:06:21 06/12/2020,88,2636,"[14, 16, 10, 5, 17, 4, 1, 0, 9, 11, 12, 13, 19, 3, 18, 7, 6, 8, 15, 2, 20]",False,21
22:06:22 06/12/2020,89,2636,"[14, 16, 10, 5, 17, 4, 1, 0, 9, 11, 12, 13, 19, 3, 18, 7, 6, 8, 15, 2, 20]",False,22
22:06:22 06/12/2020,90,2636,"[14, 16, 10, 5, 17, 4, 1, 0, 9, 11, 12, 13, 19, 3, 18, 7, 6, 8, 15, 2, 20]",False,23
22:06:22 06/12/2020,91,2636,"[14, 16, 10, 5, 17, 4, 1, 0, 9, 11, 12, 13, 19, 3, 18, 7, 6, 8, 15, 2, 20]",False,24
22:06:22 06/12/2020,92,2636,"[14, 16, 10, 5, 17, 4, 1, 0, 9, 11, 12, 13, 19, 3, 18, 7, 6, 8, 15, 2, 20]",True,25
22:06:22 06/12/2020,93,2636,"[14, 16, 10, 5, 17, 4, 1, 0, 9, 11, 12, 13, 19, 3, 18, 7, 6, 8, 15, 2, 20]",False,26
22:06:22 06/12/2020,94,2636,"[14, 16, 10, 5, 17, 4, 1, 0, 9, 11, 12, 13, 19, 3, 18, 7, 6, 8, 15, 2, 20]",True,27
22:06:22 06/12/2020,95,2636,"[14, 16, 10, 5, 17, 4, 1, 0, 9, 11, 12, 13, 19, 3, 18, 7, 6, 8, 15, 2, 20]",False,28
22:06:22 06/12/2020,96,2636,"[14, 16, 10, 5, 17, 4, 1, 0, 9, 11, 12, 13, 19, 3, 18, 7, 6, 8, 15, 2, 20]",False,29
22:06:22 06/12/2020,97,2636,"[14, 16, 10, 5, 17, 4, 1, 0, 9, 11, 12, 13, 19, 3, 18, 7, 6, 8, 15, 2, 20]",False,30
22:06:22 06/12/2020,98,2636,"[14, 16, 10, 5, 17, 4, 1, 0, 9, 11, 12, 13, 19, 3, 18, 7, 6, 8, 15, 2, 20]",False,31
22:06:22 06/12/2020,99,2636,"[14, 16, 10, 5, 17, 4, 1, 0, 9, 11, 12, 13, 19, 3, 18, 7, 6, 8, 15, 2, 20]",False,32
22:06:22 06/12/2020,100,2636,"[14, 16, 10, 5, 17, 4, 1, 0, 9, 11, 12, 13, 19, 3, 18, 7, 6, 8, 15, 2, 20]",False,33
22:06:22 06/12/2020,101,2636,"[14, 16, 10, 5, 17, 4, 1, 0, 9, 11, 12, 13, 19, 3, 18, 7, 6, 8, 15, 2, 20]",True,34
22:06:23 06/12/2020,102,2636,"[14, 16, 10, 5, 17, 4, 1, 0, 9, 11, 12, 13, 19, 3, 18, 7, 6, 8, 15, 2, 20]",False,35
22:06:23 06/12/2020,103,2636,"[14, 16, 10, 5, 17, 4, 1, 0, 9, 11, 12, 13, 19, 3, 18, 7, 6, 8, 15, 2, 20]",False,36
22:06:23 06/12/2020,104,2636,"[14, 16, 10, 5, 17, 4, 1, 0, 9, 11, 12, 13, 19, 3, 18, 7, 6, 8, 15, 2, 20]",False,37
22:06:23 06/12/2020,105,2636,"[14, 16, 10, 5, 17, 4, 1, 0, 9, 11, 12, 13, 19, 3, 18, 7, 6, 8, 15, 2, 20]",False,38
22:06:23 06/12/2020,106,2636,"[14, 16, 10, 5, 17, 4, 1, 0, 9, 11, 12, 13, 19, 3, 18, 7, 6, 8, 15, 2, 20]",False,39
22:06:23 06/12/2020,107,2636,"[14, 16, 10, 5, 17, 4, 1, 0, 9, 11, 12, 13, 19, 3, 18, 7, 6, 8, 15, 2, 20]",True,40
22:06:23 06/12/2020,108,2636,"[14, 16, 10, 5, 17, 4, 1, 0, 9, 11, 12, 13, 19, 3, 18, 7, 6, 8, 15, 2, 20]",True,41
22:06:23 06/12/2020,109,2636,"[14, 16, 10, 5, 17, 4, 1, 0, 9, 11, 12, 13, 19, 3, 18, 7, 6, 8, 15, 2, 20]",False,42
22:06:23 06/12/2020,110,2636,"[14, 16, 10, 5, 17, 4, 1, 0, 9, 11, 12, 13, 19, 3, 18, 7, 6, 8, 15, 2, 20]",False,43
22:06:23 06/12/2020,111,2636,"[14, 16, 10, 5, 17, 4, 1, 0, 9, 11, 12, 13, 19, 3, 18, 7, 6, 8, 15, 2, 20]",False,44
22:06:23 06/12/2020,112,2636,"[14, 16, 10, 5, 17, 4, 1, 0, 9, 11, 12, 13, 19, 3, 18, 7, 6, 8, 15, 2, 20]",True,45
22:06:23 06/12/2020,113,2636,"[14, 16, 10, 5, 17, 4, 1, 0, 9, 11, 12, 13, 19, 3, 18, 7, 6, 8, 15, 2, 20]",False,46
22:06:24 06/12/2020,114,2636,"[14, 16, 10, 5, 17, 4, 1, 0, 9, 11, 12, 13, 19, 3, 18, 7, 6, 8, 15, 2, 20]",False,47
22:06:24 06/12/2020,115,2636,"[14, 16, 10, 5, 17, 4, 1, 0, 9, 11, 12, 13, 19, 3, 18, 7, 6, 8, 15, 2, 20]",False,48
22:06:24 06/12/2020,116,2636,"[14, 16, 10, 5, 17, 4, 1, 0, 9, 11, 12, 13, 19, 3, 18, 7, 6, 8, 15, 2, 20]",False,49
22:06:24 06/12/2020,117,2636,"[14, 16, 10, 5, 17, 4, 1, 0, 9, 11, 12, 13, 19, 3, 18, 7, 6, 8, 15, 2, 20]",False,50
22:06:24 06/12/2020,118,2636,"[14, 16, 10, 5, 17, 4, 1, 0, 9, 11, 12, 13, 19, 3, 18, 7, 6, 8, 15, 2, 20]",True,51
22:06:24 06/12/2020,119,2636,"[14, 16, 10, 5, 17, 4, 1, 0, 9, 11, 12, 13, 19, 3, 18, 7, 6, 8, 15, 2, 20]",False,52
22:06:24 06/12/2020,120,2636,"[14, 16, 10, 5, 17, 4, 1, 0, 9, 11, 12, 13, 19, 3, 18, 7, 6, 8, 15, 2, 20]",False,53
22:06:24 06/12/2020,121,2636,"[14, 16, 10, 5, 17, 4, 1, 0, 9, 11, 12, 13, 19, 3, 18, 7, 6, 8, 15, 2, 20]",False,54
22:06:24 06/12/2020,122,2636,"[14, 16, 10, 5, 17, 4, 1, 0, 9, 11, 12, 13, 19, 3, 18, 7, 6, 8, 15, 2, 20]",False,55
22:06:24 06/12/2020,123,2636,"[14, 16, 10, 5, 17, 4, 1, 0, 9, 11, 12, 13, 19, 3, 18, 7, 6, 8, 15, 2, 20]",False,56
22:06:24 06/12/2020,124,2636,"[14, 16, 10, 5, 17, 4, 1, 0, 9, 11, 12, 13, 19, 3, 18, 7, 6, 8, 15, 2, 20]",False,57
22:06:24 06/12/2020,125,2636,"[14, 16, 10, 5, 17, 4, 1, 0, 9, 11, 12, 13, 19, 3, 18, 7, 6, 8, 15, 2, 20]",False,58
22:06:24 06/12/2020,126,2636,"[14, 16, 10, 5, 17, 4, 1, 0, 9, 11, 12, 13, 19, 3, 18, 7, 6, 8, 15, 2, 20]",False,59
22:06:25 06/12/2020,127,2636,"[14, 16, 10, 5, 17, 4, 1, 0, 9, 11, 12, 13, 19, 3, 18, 7, 6, 8, 15, 2, 20]",False,60
22:06:25 06/12/2020,128,2636,"[14, 16, 10, 5, 17, 4, 1, 0, 9, 11, 12, 13, 19, 3, 18, 7, 6, 8, 15, 2, 20]",False,61
22:06:25 06/12/2020,129,2636,"[14, 16, 10, 5, 17, 4, 1, 0, 9, 11, 12, 13, 19, 3, 18, 7, 6, 8, 15, 2, 20]",False,62
22:06:25 06/12/2020,130,2636,"[14, 16, 10, 5, 17, 4, 1, 0, 9, 11, 12, 13, 19, 3, 18, 7, 6, 8, 15, 2, 20]",False,63
22:06:25 06/12/2020,131,2636,"[14, 16, 10, 5, 17, 4, 1, 0, 9, 11, 12, 13, 19, 3, 18, 7, 6, 8, 15, 2, 20]",True,64
22:06:25 06/12/2020,132,2636,"[14, 16, 10, 5, 17, 4, 1, 0, 9, 11, 12, 13, 19, 3, 18, 7, 6, 8, 15, 2, 20]",False,65
22:06:25 06/12/2020,133,2636,"[14, 16, 10, 5, 17, 4, 1, 0, 9, 11, 12, 13, 19, 3, 18, 7, 6, 8, 15, 2, 20]",False,66
22:06:25 06/12/2020,134,2636,"[14, 16, 10, 5, 17, 4, 1, 0, 9, 11, 12, 13, 19, 3, 18, 7, 6, 8, 15, 2, 20]",False,67
22:06:25 06/12/2020,135,2636,"[14, 16, 10, 5, 17, 4, 1, 0, 9, 11, 12, 13, 19, 3, 18, 7, 6, 8, 15, 2, 20]",False,68
22:06:25 06/12/2020,136,2636,"[14, 16, 10, 5, 17, 4, 1, 0, 9, 11, 12, 13, 19, 3, 18, 7, 6, 8, 15, 2, 20]",False,69
22:06:25 06/12/2020,137,2636,"[14, 16, 10, 5, 17, 4, 1, 0, 9, 11, 12, 13, 19, 3, 18, 7, 6, 8, 15, 2, 20]",False,70
22:06:25 06/12/2020,138,2636,"[14, 16, 10, 5, 17, 4, 1, 0, 9, 11, 12, 13, 19, 3, 18, 7, 6, 8, 15, 2, 20]",False,71
22:06:25 06/12/2020,139,2636,"[14, 16, 10, 5, 17, 4, 1, 0, 9, 11, 12, 13, 19, 3, 18, 7, 6, 8, 15, 2, 20]",False,72
22:06:26 06/12/2020,140,2636,"[14, 16, 10, 5, 17, 4, 1, 0, 9, 11, 12, 13, 19, 3, 18, 7, 6, 8, 15, 2, 20]",False,73
22:06:26 06/12/2020,141,2636,"[14, 16, 10, 5, 17, 4, 1, 0, 9, 11, 12, 13, 19, 3, 18, 7, 6, 8, 15, 2, 20]",True,74
22:06:26 06/12/2020,142,2636,"[14, 16, 10, 5, 17, 4, 1, 0, 9, 11, 12, 13, 19, 3, 18, 7, 6, 8, 15, 2, 20]",False,75
22:06:26 06/12/2020,143,2636,"[14, 16, 10, 5, 17, 4, 1, 0, 9, 11, 12, 13, 19, 3, 18, 7, 6, 8, 15, 2, 20]",False,76
22:06:26 06/12/2020,144,2636,"[14, 16, 10, 5, 17, 4, 1, 0, 9, 11, 12, 13, 19, 3, 18, 7, 6, 8, 15, 2, 20]",False,77
22:06:26 06/12/2020,145,2636,"[14, 16, 10, 5, 17, 4, 1, 0, 9, 11, 12, 13, 19, 3, 18, 7, 6, 8, 15, 2, 20]",False,78
22:06:26 06/12/2020,146,2636,"[14, 16, 10, 5, 17, 4, 1, 0, 9, 11, 12, 13, 19, 3, 18, 7, 6, 8, 15, 2, 20]",False,79
22:06:26 06/12/2020,147,2636,"[14, 16, 10, 5, 17, 4, 1, 0, 9, 11, 12, 13, 19, 3, 18, 7, 6, 8, 15, 2, 20]",True,80
22:06:26 06/12/2020,148,2636,"[14, 16, 10, 5, 17, 4, 1, 0, 9, 11, 12, 13, 19, 3, 18, 7, 6, 8, 15, 2, 20]",True,81
22:06:26 06/12/2020,149,2636,"[14, 16, 10, 5, 17, 4, 1, 0, 9, 11, 12, 13, 19, 3, 18, 7, 6, 8, 15, 2, 20]",False,82
22:06:26 06/12/2020,150,2636,"[14, 16, 10, 5, 17, 4, 1, 0, 9, 11, 12, 13, 19, 3, 18, 7, 6, 8, 15, 2, 20]",False,83
22:06:26 06/12/2020,151,2636,"[14, 16, 10, 5, 17, 4, 1, 0, 9, 11, 12, 13, 19, 3, 18, 7, 6, 8, 15, 2, 20]",False,84
22:06:27 06/12/2020,152,2636,"[14, 16, 10, 5, 17, 4, 1, 0, 9, 11, 12, 13, 19, 3, 18, 7, 6, 8, 15, 2, 20]",False,85
22:06:27 06/12/2020,153,2636,"[14, 16, 10, 5, 17, 4, 1, 0, 9, 11, 12, 13, 19, 3, 18, 7, 6, 8, 15, 2, 20]",False,86
22:06:27 06/12/2020,154,2636,"[14, 16, 10, 5, 17, 4, 1, 0, 9, 11, 12, 13, 19, 3, 18, 7, 6, 8, 15, 2, 20]",False,87
22:06:27 06/12/2020,155,2636,"[14, 16, 10, 5, 17, 4, 1, 0, 9, 11, 12, 13, 19, 3, 18, 7, 6, 8, 15, 2, 20]",True,88
22:06:27 06/12/2020,156,2636,"[14, 16, 10, 5, 17, 4, 1, 0, 9, 11, 12, 13, 19, 3, 18, 7, 6, 8, 15, 2, 20]",False,89
22:06:27 06/12/2020,157,2636,"[14, 16, 10, 5, 17, 4, 1, 0, 9, 11, 12, 13, 19, 3, 18, 7, 6, 8, 15, 2, 20]",False,90
22:06:27 06/12/2020,158,2636,"[14, 16, 10, 5, 17, 4, 1, 0, 9, 11, 12, 13, 19, 3, 18, 7, 6, 8, 15, 2, 20]",False,91
22:06:27 06/12/2020,159,2636,"[14, 16, 10, 5, 17, 4, 1, 0, 9, 11, 12, 13, 19, 3, 18, 7, 6, 8, 15, 2, 20]",True,92
22:06:27 06/12/2020,160,2636,"[14, 16, 10, 5, 17, 4, 1, 0, 9, 11, 12, 13, 19, 3, 18, 7, 6, 8, 15, 2, 20]",False,93
22:06:27 06/12/2020,161,2636,"[14, 16, 10, 5, 17, 4, 1, 0, 9, 11, 12, 13, 19, 3, 18, 7, 6, 8, 15, 2, 20]",True,94
22:06:27 06/12/2020,162,2614,"[0, 10, 6, 17, 2, 1, 4, 16, 18, 7, 9, 11, 20, 19, 14, 3, 15, 8, 12, 5, 13]",True,0
22:06:28 06/12/2020,163,2614,"[0, 10, 6, 17, 2, 1, 4, 16, 18, 7, 9, 11, 20, 19, 14, 3, 15, 8, 12, 5, 13]",False,1
22:06:28 06/12/2020,164,2614,"[0, 10, 6, 17, 2, 1, 4, 16, 18, 7, 9, 11, 20, 19, 14, 3, 15, 8, 12, 5, 13]",False,2
22:06:28 06/12/2020,165,2614,"[0, 10, 6, 17, 2, 1, 4, 16, 18, 7, 9, 11, 20, 19, 14, 3, 15, 8, 12, 5, 13]",False,3
22:06:28 06/12/2020,166,2614,"[0, 10, 6, 17, 2, 1, 4, 16, 18, 7, 9, 11, 20, 19, 14, 3, 15, 8, 12, 5, 13]",False,4
22:06:28 06/12/2020,167,2614,"[0, 10, 6, 17, 2, 1, 4, 16, 18, 7, 9, 11, 20, 19, 14, 3, 15, 8, 12, 5, 13]",False,5
22:06:28 06/12/2020,168,2614,"[0, 10, 6, 17, 2, 1, 4, 16, 18, 7, 9, 11, 20, 19, 14, 3, 15, 8, 12, 5, 13]",False,6
22:06:28 06/12/2020,169,2614,"[0, 10, 6, 17, 2, 1, 4, 16, 18, 7, 9, 11, 20, 19, 14, 3, 15, 8, 12, 5, 13]",True,7
22:06:28 06/12/2020,170,2614,"[0, 10, 6, 17, 2, 1, 4, 16, 18, 7, 9, 11, 20, 19, 14, 3, 15, 8, 12, 5, 13]",False,8
22:06:28 06/12/2020,171,2614,"[0, 10, 6, 17, 2, 1, 4, 16, 18, 7, 9, 11, 20, 19, 14, 3, 15, 8, 12, 5, 13]",False,9
22:06:28 06/12/2020,172,2614,"[0, 10, 6, 17, 2, 1, 4, 16, 18, 7, 9, 11, 20, 19, 14, 3, 15, 8, 12, 5, 13]",False,10
22:06:28 06/12/2020,173,2614,"[0, 10, 6, 17, 2, 1, 4, 16, 18, 7, 9, 11, 20, 19, 14, 3, 15, 8, 12, 5, 13]",False,11
22:06:28 06/12/2020,174,2614,"[0, 10, 6, 17, 2, 1, 4, 16, 18, 7, 9, 11, 20, 19, 14, 3, 15, 8, 12, 5, 13]",True,12
22:06:29 06/12/2020,175,2614,"[0, 10, 6, 17, 2, 1, 4, 16, 18, 7, 9, 11, 20, 19, 14, 3, 15, 8, 12, 5, 13]",False,13
22:06:29 06/12/2020,176,2614,"[0, 10, 6, 17, 2, 1, 4, 16, 18, 7, 9, 11, 20, 19, 14, 3, 15, 8, 12, 5, 13]",True,14
22:06:29 06/12/2020,177,2614,"[0, 10, 6, 17, 2, 1, 4, 16, 18, 7, 9, 11, 20, 19, 14, 3, 15, 8, 12, 5, 13]",False,15
22:06:29 06/12/2020,178,2608,"[19, 2, 17, 20, 1, 12, 4, 13, 7, 18, 6, 8, 5, 11, 10, 3, 16, 0, 9, 15, 14]",True,0
22:06:29 06/12/2020,179,2608,"[19, 2, 17, 20, 1, 12, 4, 13, 7, 18, 6, 8, 5, 11, 10, 3, 16, 0, 9, 15, 14]",True,1
22:06:29 06/12/2020,180,2608,"[19, 2, 17, 20, 1, 12, 4, 13, 7, 18, 6, 8, 5, 11, 10, 3, 16, 0, 9, 15, 14]",False,2
22:06:29 06/12/2020,181,2608,"[19, 2, 17, 20, 1, 12, 4, 13, 7, 18, 6, 8, 5, 11, 10, 3, 16, 0, 9, 15, 14]",False,3
22:06:29 06/12/2020,182,2608,"[19, 2, 17, 20, 1, 12, 4, 13, 7, 18, 6, 8, 5, 11, 10, 3, 16, 0, 9, 15, 14]",False,4
22:06:29 06/12/2020,183,2608,"[19, 2, 17, 20, 1, 12, 4, 13, 7, 18, 6, 8, 5, 11, 10, 3, 16, 0, 9, 15, 14]",False,5
22:06:29 06/12/2020,184,2554,"[16, 18, 2, 0, 17, 1, 4, 10, 7, 6, 8, 20, 5, 19, 14, 3, 15, 9, 12, 11, 13]",True,0
22:06:29 06/12/2020,185,2554,"[16, 18, 2, 0, 17, 1, 4, 10, 7, 6, 8, 20, 5, 19, 14, 3, 15, 9, 12, 11, 13]",False,1
22:06:29 06/12/2020,186,2554,"[16, 18, 2, 0, 17, 1, 4, 10, 7, 6, 8, 20, 5, 19, 14, 3, 15, 9, 12, 11, 13]",False,2
22:06:30 06/12/2020,187,2554,"[16, 18, 2, 0, 17, 1, 4, 10, 7, 6, 8, 20, 5, 19, 14, 3, 15, 9, 12, 11, 13]",True,3
22:06:30 06/12/2020,188,2554,"[16, 18, 2, 0, 17, 1, 4, 10, 7, 6, 8, 20, 5, 19, 14, 3, 15, 9, 12, 11, 13]",False,4
22:06:30 06/12/2020,189,2554,"[16, 18, 2, 0, 17, 1, 4, 10, 7, 6, 8, 20, 5, 19, 14, 3, 15, 9, 12, 11, 13]",False,5
22:06:30 06/12/2020,190,2554,"[16, 18, 2, 0, 17, 1, 4, 10, 7, 6, 8, 20, 5, 19, 14, 3, 15, 9, 12, 11, 13]",False,6
22:06:30 06/12/2020,191,2554,"[16, 18, 2, 0, 17, 1, 4, 10, 7, 6, 8, 20, 5, 19, 14, 3, 15, 9, 12, 11, 13]",False,7
22:06:30 06/12/2020,192,2554,"[16, 18, 2, 0, 17, 1, 4, 10, 7, 6, 8, 20, 5, 19, 14, 3, 15, 9, 12, 11, 13]",False,8
22:06:30 06/12/2020,193,2554,"[16, 18, 2, 0, 17, 1, 4, 10, 7, 6, 8, 20, 5, 19, 14, 3, 15, 9, 12, 11, 13]",False,9
22:06:30 06/12/2020,194,2554,"[16, 18, 2, 0, 17, 1, 4, 10, 7, 6, 8, 20, 5, 19, 14, 3, 15, 9, 12, 11, 13]",False,10
22:06:30 06/12/2020,195,2554,"[16, 18, 2, 0, 17, 1, 4, 10, 7, 6, 8, 20, 5, 19, 14, 3, 15, 9, 12, 11, 13]",False,11
22:06:30 06/12/2020,196,2554,"[16, 18, 2, 0, 17, 1, 4, 10, 7, 6, 8, 20, 5, 19, 14, 3, 15, 9, 12, 11, 13]",False,12
22:06:30 06/12/2020,197,2554,"[16, 18, 2, 0, 17, 1, 4, 10, 7, 6, 8, 20, 5, 19, 14, 3, 15, 9, 12, 11, 13]",False,13
22:06:31 06/12/2020,198,2554,"[16, 18, 2, 0, 17, 1, 4, 10, 7, 6, 8, 20, 5, 19, 14, 3, 15, 9, 12, 11, 13]",False,14
22:06:31 06/12/2020,199,2554,"[16, 18, 2, 0, 17, 1, 4, 10, 7, 6, 8, 20, 5, 19, 14, 3, 15, 9, 12, 11, 13]",False,15
22:06:31 06/12/2020,200,2554,"[16, 18, 2, 0, 17, 1, 4, 10, 7, 6, 8, 20, 5, 19, 14, 3, 15, 9, 12, 11, 13]",False,16
22:06:31 06/12/2020,201,2554,"[16, 18, 2, 0, 17, 1, 4, 10, 7, 6, 8, 20, 5, 19, 14, 3, 15, 9, 12, 11, 13]",False,17
22:06:31 06/12/2020,202,2554,"[16, 18, 2, 0, 17, 1, 4, 10, 7, 6, 8, 20, 5, 19, 14, 3, 15, 9, 12, 11, 13]",False,18
22:06:31 06/12/2020,203,2554,"[16, 18, 2, 0, 17, 1, 4, 10, 7, 6, 8, 20, 5, 19, 14, 3, 15, 9, 12, 11, 13]",False,19
22:06:31 06/12/2020,204,2554,"[16, 18, 2, 0, 17, 1, 4, 10, 7, 6, 8, 20, 5, 19, 14, 3, 15, 9, 12, 11, 13]",False,20
22:06:31 06/12/2020,205,2554,"[16, 18, 2, 0, 17, 1, 4, 10, 7, 6, 8, 20, 5, 19, 14, 3, 15, 9, 12, 11, 13]",False,21
22:06:31 06/12/2020,206,2546,"[16, 18, 0, 11, 5, 1, 4, 14, 7, 6, 12, 17, 20, 19, 3, 10, 15, 9, 8, 2, 13]",True,0
22:06:31 06/12/2020,207,2546,"[16, 18, 0, 11, 5, 1, 4, 14, 7, 6, 12, 17, 20, 19, 3, 10, 15, 9, 8, 2, 13]",False,1
22:06:31 06/12/2020,208,2546,"[16, 18, 0, 11, 5, 1, 4, 14, 7, 6, 12, 17, 20, 19, 3, 10, 15, 9, 8, 2, 13]",False,2
22:06:32 06/12/2020,209,2546,"[16, 18, 0, 11, 5, 1, 4, 14, 7, 6, 12, 17, 20, 19, 3, 10, 15, 9, 8, 2, 13]",False,3
22:06:32 06/12/2020,210,2546,"[16, 18, 0, 11, 5, 1, 4, 14, 7, 6, 12, 17, 20, 19, 3, 10, 15, 9, 8, 2, 13]",False,4
22:06:32 06/12/2020,211,2546,"[16, 18, 0, 11, 5, 1, 4, 14, 7, 6, 12, 17, 20, 19, 3, 10, 15, 9, 8, 2, 13]",False,5
22:06:32 06/12/2020,212,2546,"[16, 18, 0, 11, 5, 1, 4, 14, 7, 6, 12, 17, 20, 19, 3, 10, 15, 9, 8, 2, 13]",True,6
22:06:32 06/12/2020,213,2546,"[16, 18, 0, 11, 5, 1, 4, 14, 7, 6, 12, 17, 20, 19, 3, 10, 15, 9, 8, 2, 13]",False,7
22:06:32 06/12/2020,214,2546,"[16, 18, 0, 11, 5, 1, 4, 14, 7, 6, 12, 17, 20, 19, 3, 10, 15, 9, 8, 2, 13]",False,8
22:06:32 06/12/2020,215,2546,"[16, 18, 0, 11, 5, 1, 4, 14, 7, 6, 12, 17, 20, 19, 3, 10, 15, 9, 8, 2, 13]",False,9
22:06:32 06/12/2020,216,2546,"[16, 18, 0, 11, 5, 1, 4, 14, 7, 6, 12, 17, 20, 19, 3, 10, 15, 9, 8, 2, 13]",False,10
22:06:32 06/12/2020,217,2546,"[16, 18, 0, 11, 5, 1, 4, 14, 7, 6, 12, 17, 20, 19, 3, 10, 15, 9, 8, 2, 13]",False,11
22:06:32 06/12/2020,218,2546,"[16, 18, 0, 11, 5, 1, 4, 14, 7, 6, 12, 17, 20, 19, 3, 10, 15, 9, 8, 2, 13]",False,12
22:06:32 06/12/2020,219,2546,"[16, 18, 0, 11, 5, 1, 4, 14, 7, 6, 12, 17, 20, 19, 3, 10, 15, 9, 8, 2, 13]",False,13
22:06:33 06/12/2020,220,2546,"[16, 18, 0, 11, 5, 1, 4, 14, 7, 6, 12, 17, 20, 19, 3, 10, 15, 9, 8, 2, 13]",True,14
22:06:33 06/12/2020,221,2546,"[16, 18, 0, 11, 5, 1, 4, 14, 7, 6, 12, 17, 20, 19, 3, 10, 15, 9, 8, 2, 13]",False,15
22:06:33 06/12/2020,222,2546,"[16, 18, 0, 11, 5, 1, 4, 14, 7, 6, 12, 17, 20, 19, 3, 10, 15, 9, 8, 2, 13]",False,16
22:06:33 06/12/2020,223,2546,"[16, 18, 0, 11, 5, 1, 4, 14, 7, 6, 12, 17, 20, 19, 3, 10, 15, 9, 8, 2, 13]",True,17
22:06:33 06/12/2020,224,2546,"[16, 18, 0, 11, 5, 1, 4, 14, 7, 6, 12, 17, 20, 19, 3, 10, 15, 9, 8, 2, 13]",False,18
22:06:33 06/12/2020,225,2546,"[16, 18, 0, 11, 5, 1, 4, 14, 7, 6, 12, 17, 20, 19, 3, 10, 15, 9, 8, 2, 13]",False,19
22:06:33 06/12/2020,226,2546,"[16, 18, 0, 11, 5, 1, 4, 14, 7, 6, 12, 17, 20, 19, 3, 10, 15, 9, 8, 2, 13]",False,20
22:06:33 06/12/2020,227,2546,"[16, 18, 0, 11, 5, 1, 4, 14, 7, 6, 12, 17, 20, 19, 3, 10, 15, 9, 8, 2, 13]",False,21
22:06:33 06/12/2020,228,2546,"[16, 18, 0, 11, 5, 1, 4, 14, 7, 6, 12, 17, 20, 19, 3, 10, 15, 9, 8, 2, 13]",False,22
22:06:33 06/12/2020,229,2546,"[16, 18, 0, 11, 5, 1, 4, 14, 7, 6, 12, 17, 20, 19, 3, 10, 15, 9, 8, 2, 13]",False,23
22:06:34 06/12/2020,230,2546,"[16, 18, 0, 11, 5, 1, 4, 14, 7, 6, 12, 17, 20, 19, 3, 10, 15, 9, 8, 2, 13]",False,24
22:06:34 06/12/2020,231,2546,"[16, 18, 0, 11, 5, 1, 4, 14, 7, 6, 12, 17, 20, 19, 3, 10, 15, 9, 8, 2, 13]",True,25
22:06:34 06/12/2020,232,2546,"[16, 18, 0, 11, 5, 1, 4, 14, 7, 6, 12, 17, 20, 19, 3, 10, 15, 9, 8, 2, 13]",True,26
22:06:34 06/12/2020,233,2526,"[16, 14, 0, 11, 5, 1, 4, 18, 7, 6, 12, 17, 20, 19, 3, 10, 15, 9, 8, 2, 13]",True,0
22:06:34 06/12/2020,234,2526,"[16, 14, 0, 11, 5, 1, 4, 18, 7, 6, 12, 17, 20, 19, 3, 10, 15, 9, 8, 2, 13]",False,1
22:06:34 06/12/2020,235,2526,"[16, 14, 0, 11, 5, 1, 4, 18, 7, 6, 12, 17, 20, 19, 3, 10, 15, 9, 8, 2, 13]",False,2
22:06:34 06/12/2020,236,2526,"[16, 14, 0, 11, 5, 1, 4, 18, 7, 6, 12, 17, 20, 19, 3, 10, 15, 9, 8, 2, 13]",True,3
22:06:34 06/12/2020,237,2526,"[16, 14, 0, 11, 5, 1, 4, 18, 7, 6, 12, 17, 20, 19, 3, 10, 15, 9, 8, 2, 13]",False,4
22:06:34 06/12/2020,238,2526,"[16, 14, 0, 11, 5, 1, 4, 18, 7, 6, 12, 17, 20, 19, 3, 10, 15, 9, 8, 2, 13]",False,5
22:06:34 06/12/2020,239,2526,"[16, 14, 0, 11, 5, 1, 4, 18, 7, 6, 12, 17, 20, 19, 3, 10, 15, 9, 8, 2, 13]",False,6
22:06:35 06/12/2020,240,2526,"[16, 14, 0, 11, 5, 1, 4, 18, 7, 6, 12, 17, 20, 19, 3, 10, 15, 9, 8, 2, 13]",True,7
22:06:35 06/12/2020,241,2526,"[16, 14, 0, 11, 5, 1, 4, 18, 7, 6, 12, 17, 20, 19, 3, 10, 15, 9, 8, 2, 13]",False,8
22:06:35 06/12/2020,242,2526,"[16, 14, 0, 11, 5, 1, 4, 18, 7, 6, 12, 17, 20, 19, 3, 10, 15, 9, 8, 2, 13]",False,9
22:06:35 06/12/2020,243,2526,"[16, 14, 0, 11, 5, 1, 4, 18, 7, 6, 12, 17, 20, 19, 3, 10, 15, 9, 8, 2, 13]",False,10
22:06:35 06/12/2020,244,2526,"[16, 14, 0, 11, 5, 1, 4, 18, 7, 6, 12, 17, 20, 19, 3, 10, 15, 9, 8, 2, 13]",False,11
22:06:35 06/12/2020,245,2526,"[16, 14, 0, 11, 5, 1, 4, 18, 7, 6, 12, 17, 20, 19, 3, 10, 15, 9, 8, 2, 13]",False,12
22:06:35 06/12/2020,246,2526,"[16, 14, 0, 11, 5, 1, 4, 18, 7, 6, 12, 17, 20, 19, 3, 10, 15, 9, 8, 2, 13]",False,13
22:06:35 06/12/2020,247,2526,"[16, 14, 0, 11, 5, 1, 4, 18, 7, 6, 12, 17, 20, 19, 3, 10, 15, 9, 8, 2, 13]",False,14
22:06:35 06/12/2020,248,2526,"[16, 14, 0, 11, 5, 1, 4, 18, 7, 6, 12, 17, 20, 19, 3, 10, 15, 9, 8, 2, 13]",False,15
22:06:35 06/12/2020,249,2526,"[16, 14, 0, 11, 5, 1, 4, 18, 7, 6, 12, 17, 20, 19, 3, 10, 15, 9, 8, 2, 13]",False,16
22:06:35 06/12/2020,250,2526,"[16, 14, 0, 11, 5, 1, 4, 18, 7, 6, 12, 17, 20, 19, 3, 10, 15, 9, 8, 2, 13]",False,17
22:06:36 06/12/2020,251,2526,"[16, 14, 0, 11, 5, 1, 4, 18, 7, 6, 12, 17, 20, 19, 3, 10, 15, 9, 8, 2, 13]",False,18
22:06:36 06/12/2020,252,2524,"[16, 14, 0, 11, 5, 1, 4, 18, 7, 6, 17, 12, 20, 19, 3, 10, 15, 9, 8, 2, 13]",True,0
22:06:36 06/12/2020,253,2524,"[16, 14, 0, 11, 5, 1, 4, 18, 7, 6, 17, 12, 20, 19, 3, 10, 15, 9, 8, 2, 13]",False,1
22:06:36 06/12/2020,254,2524,"[16, 14, 0, 11, 5, 1, 4, 18, 7, 6, 17, 12, 20, 19, 3, 10, 15, 9, 8, 2, 13]",False,2
22:06:36 06/12/2020,255,2524,"[16, 14, 0, 11, 5, 1, 4, 18, 7, 6, 17, 12, 20, 19, 3, 10, 15, 9, 8, 2, 13]",False,3
22:06:36 06/12/2020,256,2524,"[16, 14, 0, 11, 5, 1, 4, 18, 7, 6, 17, 12, 20, 19, 3, 10, 15, 9, 8, 2, 13]",True,4
22:06:36 06/12/2020,257,2524,"[16, 14, 0, 11, 5, 1, 4, 18, 7, 6, 17, 12, 20, 19, 3, 10, 15, 9, 8, 2, 13]",False,5
22:06:36 06/12/2020,258,2524,"[16, 14, 0, 11, 5, 1, 4, 18, 7, 6, 17, 12, 20, 19, 3, 10, 15, 9, 8, 2, 13]",False,6
22:06:36 06/12/2020,259,2524,"[16, 14, 0, 11, 5, 1, 4, 18, 7, 6, 17, 12, 20, 19, 3, 10, 15, 9, 8, 2, 13]",False,7
22:06:36 06/12/2020,260,2524,"[16, 14, 0, 11, 5, 1, 4, 18, 7, 6, 17, 12, 20, 19, 3, 10, 15, 9, 8, 2, 13]",False,8
22:06:36 06/12/2020,261,2524,"[16, 14, 0, 11, 5, 1, 4, 18, 7, 6, 17, 12, 20, 19, 3, 10, 15, 9, 8, 2, 13]",False,9
22:06:37 06/12/2020,262,2524,"[16, 14, 0, 11, 5, 1, 4, 18, 7, 6, 17, 12, 20, 19, 3, 10, 15, 9, 8, 2, 13]",False,10
22:06:37 06/12/2020,263,2524,"[16, 14, 0, 11, 5, 1, 4, 18, 7, 6, 17, 12, 20, 19, 3, 10, 15, 9, 8, 2, 13]",False,11
22:06:37 06/12/2020,264,2524,"[16, 14, 0, 11, 5, 1, 4, 18, 7, 6, 17, 12, 20, 19, 3, 10, 15, 9, 8, 2, 13]",False,12
22:06:37 06/12/2020,265,2524,"[16, 14, 0, 11, 5, 1, 4, 18, 7, 6, 17, 12, 20, 19, 3, 10, 15, 9, 8, 2, 13]",False,13
22:06:37 06/12/2020,266,2524,"[16, 14, 0, 11, 5, 1, 4, 18, 7, 6, 17, 12, 20, 19, 3, 10, 15, 9, 8, 2, 13]",False,14
22:06:37 06/12/2020,267,2524,"[16, 14, 0, 11, 5, 1, 4, 18, 7, 6, 17, 12, 20, 19, 3, 10, 15, 9, 8, 2, 13]",False,15
22:06:37 06/12/2020,268,2524,"[16, 14, 0, 11, 5, 1, 4, 18, 7, 6, 17, 12, 20, 19, 3, 10, 15, 9, 8, 2, 13]",False,16
22:06:37 06/12/2020,269,2524,"[16, 14, 0, 11, 5, 1, 4, 18, 7, 6, 17, 12, 20, 19, 3, 10, 15, 9, 8, 2, 13]",False,17
22:06:37 06/12/2020,270,2524,"[16, 14, 0, 11, 5, 1, 4, 18, 7, 6, 17, 12, 20, 19, 3, 10, 15, 9, 8, 2, 13]",True,18
22:06:37 06/12/2020,271,2524,"[16, 14, 0, 11, 5, 1, 4, 18, 7, 6, 17, 12, 20, 19, 3, 10, 15, 9, 8, 2, 13]",False,19
22:06:38 06/12/2020,272,2524,"[16, 14, 0, 11, 5, 1, 4, 18, 7, 6, 17, 12, 20, 19, 3, 10, 15, 9, 8, 2, 13]",False,20
22:06:38 06/12/2020,273,2524,"[16, 14, 0, 11, 5, 1, 4, 18, 7, 6, 17, 12, 20, 19, 3, 10, 15, 9, 8, 2, 13]",False,21
22:06:38 06/12/2020,274,2524,"[16, 14, 0, 11, 5, 1, 4, 18, 7, 6, 17, 12, 20, 19, 3, 10, 15, 9, 8, 2, 13]",False,22
22:06:38 06/12/2020,275,2524,"[16, 14, 0, 11, 5, 1, 4, 18, 7, 6, 17, 12, 20, 19, 3, 10, 15, 9, 8, 2, 13]",False,23
22:06:38 06/12/2020,276,2524,"[16, 14, 0, 11, 5, 1, 4, 18, 7, 6, 17, 12, 20, 19, 3, 10, 15, 9, 8, 2, 13]",True,24
22:06:38 06/12/2020,277,2524,"[16, 14, 0, 11, 5, 1, 4, 18, 7, 6, 17, 12, 20, 19, 3, 10, 15, 9, 8, 2, 13]",False,25
22:06:38 06/12/2020,278,2524,"[16, 14, 0, 11, 5, 1, 4, 18, 7, 6, 17, 12, 20, 19, 3, 10, 15, 9, 8, 2, 13]",False,26
22:06:38 06/12/2020,279,2524,"[16, 14, 0, 11, 5, 1, 4, 18, 7, 6, 17, 12, 20, 19, 3, 10, 15, 9, 8, 2, 13]",False,27
22:06:38 06/12/2020,280,2524,"[16, 14, 0, 11, 5, 1, 4, 18, 7, 6, 17, 12, 20, 19, 3, 10, 15, 9, 8, 2, 13]",False,28
22:06:38 06/12/2020,281,2524,"[16, 14, 0, 11, 5, 1, 4, 18, 7, 6, 17, 12, 20, 19, 3, 10, 15, 9, 8, 2, 13]",False,29
22:06:38 06/12/2020,282,2524,"[16, 14, 0, 11, 5, 1, 4, 18, 7, 6, 17, 12, 20, 19, 3, 10, 15, 9, 8, 2, 13]",False,30
22:06:38 06/12/2020,283,2524,"[16, 14, 0, 11, 5, 1, 4, 18, 7, 6, 17, 12, 20, 19, 3, 10, 15, 9, 8, 2, 13]",False,31
22:06:39 06/12/2020,284,2524,"[16, 14, 0, 11, 5, 1, 4, 18, 7, 6, 17, 12, 20, 19, 3, 10, 15, 9, 8, 2, 13]",False,32
22:06:39 06/12/2020,285,2524,"[16, 14, 0, 11, 5, 1, 4, 18, 7, 6, 17, 12, 20, 19, 3, 10, 15, 9, 8, 2, 13]",False,33
22:06:39 06/12/2020,286,2524,"[16, 14, 0, 11, 5, 1, 4, 18, 7, 6, 17, 12, 20, 19, 3, 10, 15, 9, 8, 2, 13]",False,34
22:06:39 06/12/2020,287,2524,"[16, 14, 0, 11, 5, 1, 4, 18, 7, 6, 17, 12, 20, 19, 3, 10, 15, 9, 8, 2, 13]",False,35
22:06:39 06/12/2020,288,2496,"[19, 2, 17, 20, 8, 1, 4, 13, 15, 18, 6, 12, 11, 5, 3, 7, 10, 0, 9, 16, 14]",True,0
22:06:39 06/12/2020,289,2496,"[19, 2, 17, 20, 8, 1, 4, 13, 15, 18, 6, 12, 11, 5, 3, 7, 10, 0, 9, 16, 14]",False,1
22:06:39 06/12/2020,290,2496,"[19, 2, 17, 20, 8, 1, 4, 13, 15, 18, 6, 12, 11, 5, 3, 7, 10, 0, 9, 16, 14]",False,2
22:06:39 06/12/2020,291,2496,"[19, 2, 17, 20, 8, 1, 4, 13, 15, 18, 6, 12, 11, 5, 3, 7, 10, 0, 9, 16, 14]",False,3
22:06:39 06/12/2020,292,2496,"[19, 2, 17, 20, 8, 1, 4, 13, 15, 18, 6, 12, 11, 5, 3, 7, 10, 0, 9, 16, 14]",False,4
22:06:39 06/12/2020,293,2496,"[19, 2, 17, 20, 8, 1, 4, 13, 15, 18, 6, 12, 11, 5, 3, 7, 10, 0, 9, 16, 14]",False,5
22:06:39 06/12/2020,294,2496,"[19, 2, 17, 20, 8, 1, 4, 13, 15, 18, 6, 12, 11, 5, 3, 7, 10, 0, 9, 16, 14]",False,6
22:06:40 06/12/2020,295,2496,"[19, 2, 17, 20, 8, 1, 4, 13, 15, 18, 6, 12, 11, 5, 3, 7, 10, 0, 9, 16, 14]",False,7
22:06:40 06/12/2020,296,2496,"[19, 2, 17, 20, 8, 1, 4, 13, 15, 18, 6, 12, 11, 5, 3, 7, 10, 0, 9, 16, 14]",False,8
22:06:40 06/12/2020,297,2496,"[19, 2, 17, 20, 8, 1, 4, 13, 15, 18, 6, 12, 11, 5, 3, 7, 10, 0, 9, 16, 14]",False,9
22:06:40 06/12/2020,298,2496,"[19, 2, 17, 20, 8, 1, 4, 13, 15, 18, 6, 12, 11, 5, 3, 7, 10, 0, 9, 16, 14]",False,10
22:06:40 06/12/2020,299,2496,"[19, 2, 17, 20, 8, 1, 4, 13, 15, 18, 6, 12, 11, 5, 3, 7, 10, 0, 9, 16, 14]",False,11
22:06:40 06/12/2020,300,2496,"[19, 2, 17, 20, 8, 1, 4, 13, 15, 18, 6, 12, 11, 5, 3, 7, 10, 0, 9, 16, 14]",False,12
22:06:40 06/12/2020,301,2496,"[19, 2, 17, 20, 8, 1, 4, 13, 15, 18, 6, 12, 11, 5, 3, 7, 10, 0, 9, 16, 14]",False,13
22:06:40 06/12/2020,302,2496,"[19, 2, 17, 20, 8, 1, 4, 13, 15, 18, 6, 12, 11, 5, 3, 7, 10, 0, 9, 16, 14]",False,14
22:06:40 06/12/2020,303,2496,"[19, 2, 17, 20, 8, 1, 4, 13, 15, 18, 6, 12, 11, 5, 3, 7, 10, 0, 9, 16, 14]",True,15
22:06:40 06/12/2020,304,2496,"[19, 2, 17, 20, 8, 1, 4, 13, 15, 18, 6, 12, 11, 5, 3, 7, 10, 0, 9, 16, 14]",True,16
22:06:41 06/12/2020,305,2496,"[19, 2, 17, 20, 8, 1, 4, 13, 15, 18, 6, 12, 11, 5, 3, 7, 10, 0, 9, 16, 14]",True,17
22:06:41 06/12/2020,306,2496,"[19, 2, 17, 20, 8, 1, 4, 13, 15, 18, 6, 12, 11, 5, 3, 7, 10, 0, 9, 16, 14]",False,18
22:06:41 06/12/2020,307,2496,"[19, 2, 17, 20, 8, 1, 4, 13, 15, 18, 6, 12, 11, 5, 3, 7, 10, 0, 9, 16, 14]",False,19
22:06:41 06/12/2020,308,2496,"[19, 2, 17, 20, 8, 1, 4, 13, 15, 18, 6, 12, 11, 5, 3, 7, 10, 0, 9, 16, 14]",False,20
22:06:41 06/12/2020,309,2496,"[19, 2, 17, 20, 8, 1, 4, 13, 15, 18, 6, 12, 11, 5, 3, 7, 10, 0, 9, 16, 14]",False,21
22:06:41 06/12/2020,310,2496,"[19, 2, 17, 20, 8, 1, 4, 13, 15, 18, 6, 12, 11, 5, 3, 7, 10, 0, 9, 16, 14]",False,22
22:06:41 06/12/2020,311,2496,"[19, 2, 17, 20, 8, 1, 4, 13, 15, 18, 6, 12, 11, 5, 3, 7, 10, 0, 9, 16, 14]",False,23
22:06:41 06/12/2020,312,2494,"[3, 2, 17, 20, 8, 1, 4, 13, 15, 18, 6, 12, 11, 5, 19, 10, 7, 0, 9, 16, 14]",False,0
22:06:41 06/12/2020,313,2494,"[3, 2, 17, 20, 8, 1, 4, 13, 15, 18, 6, 12, 11, 5, 19, 10, 7, 0, 9, 16, 14]",False,1
22:06:41 06/12/2020,314,2494,"[3, 2, 17, 20, 8, 1, 4, 13, 15, 18, 6, 12, 11, 5, 19, 10, 7, 0, 9, 16, 14]",True,2
22:06:41 06/12/2020,315,2494,"[3, 2, 17, 20, 8, 1, 4, 13, 15, 18, 6, 12, 11, 5, 19, 10, 7, 0, 9, 16, 14]",False,3
22:06:42 06/12/2020,316,2494,"[3, 2, 17, 20, 8, 1, 4, 13, 15, 18, 6, 12, 11, 5, 19, 10, 7, 0, 9, 16, 14]",False,4
22:06:42 06/12/2020,317,2494,"[3, 2, 17, 20, 8, 1, 4, 13, 15, 18, 6, 12, 11, 5, 19, 10, 7, 0, 9, 16, 14]",True,5
22:06:42 06/12/2020,318,2494,"[3, 2, 17, 20, 8, 1, 4, 13, 15, 18, 6, 12, 11, 5, 19, 10, 7, 0, 9, 16, 14]",False,6
22:06:42 06/12/2020,319,2494,"[3, 2, 17, 20, 8, 1, 4, 13, 15, 18, 6, 12, 11, 5, 19, 10, 7, 0, 9, 16, 14]",False,7
22:06:42 06/12/2020,320,2494,"[3, 2, 17, 20, 8, 1, 4, 13, 15, 18, 6, 12, 11, 5, 19, 10, 7, 0, 9, 16, 14]",False,8
22:06:42 06/12/2020,321,2494,"[3, 2, 17, 20, 8, 1, 4, 13, 15, 18, 6, 12, 11, 5, 19, 10, 7, 0, 9, 16, 14]",False,9
22:06:42 06/12/2020,322,2494,"[3, 2, 17, 20, 8, 1, 4, 13, 15, 18, 6, 12, 11, 5, 19, 10, 7, 0, 9, 16, 14]",False,10
22:06:42 06/12/2020,323,2494,"[3, 2, 17, 20, 8, 1, 4, 13, 15, 18, 6, 12, 11, 5, 19, 10, 7, 0, 9, 16, 14]",False,11
22:06:42 06/12/2020,324,2494,"[3, 2, 17, 20, 8, 1, 4, 13, 15, 18, 6, 12, 11, 5, 19, 10, 7, 0, 9, 16, 14]",False,12
22:06:42 06/12/2020,325,2494,"[3, 2, 17, 20, 8, 1, 4, 13, 15, 18, 6, 12, 11, 5, 19, 10, 7, 0, 9, 16, 14]",True,13
22:06:43 06/12/2020,326,2494,"[3, 2, 17, 20, 8, 1, 4, 13, 15, 18, 6, 12, 11, 5, 19, 10, 7, 0, 9, 16, 14]",False,14
22:06:43 06/12/2020,327,2494,"[3, 2, 17, 20, 8, 1, 4, 13, 15, 18, 6, 12, 11, 5, 19, 10, 7, 0, 9, 16, 14]",False,15
22:06:43 06/12/2020,328,2494,"[3, 2, 17, 20, 8, 1, 4, 13, 15, 18, 6, 12, 11, 5, 19, 10, 7, 0, 9, 16, 14]",False,16
22:06:43 06/12/2020,329,2494,"[3, 2, 17, 20, 8, 1, 4, 13, 15, 18, 6, 12, 11, 5, 19, 10, 7, 0, 9, 16, 14]",False,17
22:06:43 06/12/2020,330,2494,"[3, 2, 17, 20, 8, 1, 4, 13, 15, 18, 6, 12, 11, 5, 19, 10, 7, 0, 9, 16, 14]",True,18
22:06:43 06/12/2020,331,2494,"[3, 2, 17, 20, 8, 1, 4, 13, 15, 18, 6, 12, 11, 5, 19, 10, 7, 0, 9, 16, 14]",False,19
22:06:43 06/12/2020,332,2494,"[3, 2, 17, 20, 8, 1, 4, 13, 15, 18, 6, 12, 11, 5, 19, 10, 7, 0, 9, 16, 14]",False,20
22:06:43 06/12/2020,333,2494,"[3, 2, 17, 20, 8, 1, 4, 13, 15, 18, 6, 12, 11, 5, 19, 10, 7, 0, 9, 16, 14]",False,21
22:06:43 06/12/2020,334,2494,"[3, 2, 17, 20, 8, 1, 4, 13, 15, 18, 6, 12, 11, 5, 19, 10, 7, 0, 9, 16, 14]",False,22
22:06:43 06/12/2020,335,2494,"[3, 2, 17, 20, 8, 1, 4, 13, 15, 18, 6, 12, 11, 5, 19, 10, 7, 0, 9, 16, 14]",True,23
22:06:43 06/12/2020,336,2494,"[3, 2, 17, 20, 8, 1, 4, 13, 15, 18, 6, 12, 11, 5, 19, 10, 7, 0, 9, 16, 14]",False,24
22:06:44 06/12/2020,337,2494,"[3, 2, 17, 20, 8, 1, 4, 13, 15, 18, 6, 12, 11, 5, 19, 10, 7, 0, 9, 16, 14]",False,25
22:06:44 06/12/2020,338,2494,"[3, 2, 17, 20, 8, 1, 4, 13, 15, 18, 6, 12, 11, 5, 19, 10, 7, 0, 9, 16, 14]",True,26
22:06:44 06/12/2020,339,2494,"[3, 2, 17, 20, 8, 1, 4, 13, 15, 18, 6, 12, 11, 5, 19, 10, 7, 0, 9, 16, 14]",False,27
22:06:44 06/12/2020,340,2494,"[3, 2, 17, 20, 8, 1, 4, 13, 15, 18, 6, 12, 11, 5, 19, 10, 7, 0, 9, 16, 14]",False,28
22:06:44 06/12/2020,341,2494,"[3, 2, 17, 20, 8, 1, 4, 13, 15, 18, 6, 12, 11, 5, 19, 10, 7, 0, 9, 16, 14]",False,29
22:06:44 06/12/2020,342,2494,"[3, 2, 17, 20, 8, 1, 4, 13, 15, 18, 6, 12, 11, 5, 19, 10, 7, 0, 9, 16, 14]",False,30
22:06:44 06/12/2020,343,2494,"[3, 2, 17, 20, 8, 1, 4, 13, 15, 18, 6, 12, 11, 5, 19, 10, 7, 0, 9, 16, 14]",False,31
22:06:44 06/12/2020,344,2494,"[3, 2, 17, 20, 8, 1, 4, 13, 15, 18, 6, 12, 11, 5, 19, 10, 7, 0, 9, 16, 14]",True,32
22:06:44 06/12/2020,345,2494,"[3, 2, 17, 20, 8, 1, 4, 13, 15, 18, 6, 12, 11, 5, 19, 10, 7, 0, 9, 16, 14]",False,33
22:06:44 06/12/2020,346,2494,"[3, 2, 17, 20, 8, 1, 4, 13, 15, 18, 6, 12, 11, 5, 19, 10, 7, 0, 9, 16, 14]",False,34
22:06:44 06/12/2020,347,2494,"[3, 2, 17, 20, 8, 1, 4, 13, 15, 18, 6, 12, 11, 5, 19, 10, 7, 0, 9, 16, 14]",False,35
22:06:45 06/12/2020,348,2494,"[3, 2, 17, 20, 8, 1, 4, 13, 15, 18, 6, 12, 11, 5, 19, 10, 7, 0, 9, 16, 14]",False,36
22:06:45 06/12/2020,349,2494,"[3, 2, 17, 20, 8, 1, 4, 13, 15, 18, 6, 12, 11, 5, 19, 10, 7, 0, 9, 16, 14]",True,37
22:06:45 06/12/2020,350,2494,"[3, 2, 17, 20, 8, 1, 4, 13, 15, 18, 6, 12, 11, 5, 19, 10, 7, 0, 9, 16, 14]",False,38
22:06:45 06/12/2020,351,2494,"[3, 2, 17, 20, 8, 1, 4, 13, 15, 18, 6, 12, 11, 5, 19, 10, 7, 0, 9, 16, 14]",False,39
22:06:45 06/12/2020,352,2494,"[3, 2, 17, 20, 8, 1, 4, 13, 15, 18, 6, 12, 11, 5, 19, 10, 7, 0, 9, 16, 14]",False,40
22:06:45 06/12/2020,353,2494,"[3, 2, 17, 20, 8, 1, 4, 13, 15, 18, 6, 12, 11, 5, 19, 10, 7, 0, 9, 16, 14]",False,41
22:06:45 06/12/2020,354,2492,"[19, 2, 17, 20, 12, 1, 4, 13, 18, 15, 6, 8, 11, 5, 3, 7, 10, 0, 9, 16, 14]",False,0
22:06:45 06/12/2020,355,2492,"[19, 2, 17, 20, 12, 1, 4, 13, 18, 15, 6, 8, 11, 5, 3, 7, 10, 0, 9, 16, 14]",True,1
22:06:45 06/12/2020,356,2492,"[19, 2, 17, 20, 12, 1, 4, 13, 18, 15, 6, 8, 11, 5, 3, 7, 10, 0, 9, 16, 14]",False,2
22:06:45 06/12/2020,357,2492,"[19, 2, 17, 20, 12, 1, 4, 13, 18, 15, 6, 8, 11, 5, 3, 7, 10, 0, 9, 16, 14]",False,3
22:06:45 06/12/2020,358,2492,"[19, 2, 17, 20, 12, 1, 4, 13, 18, 15, 6, 8, 11, 5, 3, 7, 10, 0, 9, 16, 14]",False,4
22:06:46 06/12/2020,359,2492,"[19, 2, 17, 20, 12, 1, 4, 13, 18, 15, 6, 8, 11, 5, 3, 7, 10, 0, 9, 16, 14]",True,5
22:06:46 06/12/2020,360,2492,"[19, 2, 17, 20, 12, 1, 4, 13, 18, 15, 6, 8, 11, 5, 3, 7, 10, 0, 9, 16, 14]",True,6
22:06:46 06/12/2020,361,2492,"[19, 2, 17, 20, 12, 1, 4, 13, 18, 15, 6, 8, 11, 5, 3, 7, 10, 0, 9, 16, 14]",False,7
22:06:46 06/12/2020,362,2492,"[19, 2, 17, 20, 12, 1, 4, 13, 18, 15, 6, 8, 11, 5, 3, 7, 10, 0, 9, 16, 14]",False,8
22:06:46 06/12/2020,363,2492,"[19, 2, 17, 20, 12, 1, 4, 13, 18, 15, 6, 8, 11, 5, 3, 7, 10, 0, 9, 16, 14]",False,9
22:06:46 06/12/2020,364,2492,"[19, 2, 17, 20, 12, 1, 4, 13, 18, 15, 6, 8, 11, 5, 3, 7, 10, 0, 9, 16, 14]",False,10
22:06:46 06/12/2020,365,2492,"[19, 2, 17, 20, 12, 1, 4, 13, 18, 15, 6, 8, 11, 5, 3, 7, 10, 0, 9, 16, 14]",False,11
22:06:46 06/12/2020,366,2492,"[19, 2, 17, 20, 12, 1, 4, 13, 18, 15, 6, 8, 11, 5, 3, 7, 10, 0, 9, 16, 14]",False,12
22:06:46 06/12/2020,367,2492,"[19, 2, 17, 20, 12, 1, 4, 13, 18, 15, 6, 8, 11, 5, 3, 7, 10, 0, 9, 16, 14]",False,13
22:06:46 06/12/2020,368,2492,"[19, 2, 17, 20, 12, 1, 4, 13, 18, 15, 6, 8, 11, 5, 3, 7, 10, 0, 9, 16, 14]",False,14
22:06:47 06/12/2020,369,2492,"[19, 2, 17, 20, 12, 1, 4, 13, 18, 15, 6, 8, 11, 5, 3, 7, 10, 0, 9, 16, 14]",False,15
22:06:47 06/12/2020,370,2492,"[19, 2, 17, 20, 12, 1, 4, 13, 18, 15, 6, 8, 11, 5, 3, 7, 10, 0, 9, 16, 14]",False,16
22:06:47 06/12/2020,371,2492,"[19, 2, 17, 20, 12, 1, 4, 13, 18, 15, 6, 8, 11, 5, 3, 7, 10, 0, 9, 16, 14]",False,17
22:06:47 06/12/2020,372,2492,"[19, 2, 17, 20, 12, 1, 4, 13, 18, 15, 6, 8, 11, 5, 3, 7, 10, 0, 9, 16, 14]",False,18
22:06:47 06/12/2020,373,2492,"[19, 2, 17, 20, 12, 1, 4, 13, 18, 15, 6, 8, 11, 5, 3, 7, 10, 0, 9, 16, 14]",True,19
22:06:47 06/12/2020,374,2492,"[19, 2, 17, 20, 12, 1, 4, 13, 18, 15, 6, 8, 11, 5, 3, 7, 10, 0, 9, 16, 14]",False,20
22:06:47 06/12/2020,375,2492,"[19, 2, 17, 20, 12, 1, 4, 13, 18, 15, 6, 8, 11, 5, 3, 7, 10, 0, 9, 16, 14]",False,21
22:06:47 06/12/2020,376,2492,"[19, 2, 17, 20, 12, 1, 4, 13, 18, 15, 6, 8, 11, 5, 3, 7, 10, 0, 9, 16, 14]",False,22
22:06:47 06/12/2020,377,2492,"[19, 2, 17, 20, 12, 1, 4, 13, 18, 15, 6, 8, 11, 5, 3, 7, 10, 0, 9, 16, 14]",True,23
22:06:47 06/12/2020,378,2492,"[19, 2, 17, 20, 12, 1, 4, 13, 18, 15, 6, 8, 11, 5, 3, 7, 10, 0, 9, 16, 14]",False,24
22:06:47 06/12/2020,379,2492,"[19, 2, 17, 20, 12, 1, 4, 13, 18, 15, 6, 8, 11, 5, 3, 7, 10, 0, 9, 16, 14]",False,25
22:06:48 06/12/2020,380,2492,"[19, 2, 17, 20, 12, 1, 4, 13, 18, 15, 6, 8, 11, 5, 3, 7, 10, 0, 9, 16, 14]",False,26
22:06:48 06/12/2020,381,2492,"[19, 2, 17, 20, 12, 1, 4, 13, 18, 15, 6, 8, 11, 5, 3, 7, 10, 0, 9, 16, 14]",False,27
22:06:48 06/12/2020,382,2492,"[19, 2, 17, 20, 12, 1, 4, 13, 18, 15, 6, 8, 11, 5, 3, 7, 10, 0, 9, 16, 14]",False,28
22:06:48 06/12/2020,383,2492,"[19, 2, 17, 20, 12, 1, 4, 13, 18, 15, 6, 8, 11, 5, 3, 7, 10, 0, 9, 16, 14]",False,29
22:06:48 06/12/2020,384,2492,"[19, 2, 17, 20, 12, 1, 4, 13, 18, 15, 6, 8, 11, 5, 3, 7, 10, 0, 9, 16, 14]",True,30
22:06:48 06/12/2020,385,2492,"[19, 2, 17, 20, 12, 1, 4, 13, 18, 15, 6, 8, 11, 5, 3, 7, 10, 0, 9, 16, 14]",False,31
22:06:48 06/12/2020,386,2492,"[19, 2, 17, 20, 12, 1, 4, 13, 18, 15, 6, 8, 11, 5, 3, 7, 10, 0, 9, 16, 14]",False,32
22:06:48 06/12/2020,387,2492,"[19, 2, 17, 20, 12, 1, 4, 13, 18, 15, 6, 8, 11, 5, 3, 7, 10, 0, 9, 16, 14]",False,33
22:06:48 06/12/2020,388,2492,"[19, 2, 17, 20, 12, 1, 4, 13, 18, 15, 6, 8, 11, 5, 3, 7, 10, 0, 9, 16, 14]",False,34
22:06:48 06/12/2020,389,2492,"[19, 2, 17, 20, 12, 1, 4, 13, 18, 15, 6, 8, 11, 5, 3, 7, 10, 0, 9, 16, 14]",False,35
22:06:48 06/12/2020,390,2492,"[19, 2, 17, 20, 12, 1, 4, 13, 18, 15, 6, 8, 11, 5, 3, 7, 10, 0, 9, 16, 14]",False,36
22:06:49 06/12/2020,391,2492,"[19, 2, 17, 20, 12, 1, 4, 13, 18, 15, 6, 8, 11, 5, 3, 7, 10, 0, 9, 16, 14]",False,37
22:06:49 06/12/2020,392,2492,"[19, 2, 17, 20, 12, 1, 4, 13, 18, 15, 6, 8, 11, 5, 3, 7, 10, 0, 9, 16, 14]",True,38
22:06:49 06/12/2020,393,2492,"[19, 2, 17, 20, 12, 1, 4, 13, 18, 15, 6, 8, 11, 5, 3, 7, 10, 0, 9, 16, 14]",False,39
22:06:49 06/12/2020,394,2492,"[19, 2, 17, 20, 12, 1, 4, 13, 18, 15, 6, 8, 11, 5, 3, 7, 10, 0, 9, 16, 14]",False,40
22:06:49 06/12/2020,395,2492,"[19, 2, 17, 20, 12, 1, 4, 13, 18, 15, 6, 8, 11, 5, 3, 7, 10, 0, 9, 16, 14]",False,41
22:06:49 06/12/2020,396,2492,"[19, 2, 17, 20, 12, 1, 4, 13, 18, 15, 6, 8, 11, 5, 3, 7, 10, 0, 9, 16, 14]",False,42
22:06:49 06/12/2020,397,2492,"[19, 2, 17, 20, 12, 1, 4, 13, 18, 15, 6, 8, 11, 5, 3, 7, 10, 0, 9, 16, 14]",False,43
22:06:49 06/12/2020,398,2492,"[19, 2, 17, 20, 12, 1, 4, 13, 18, 15, 6, 8, 11, 5, 3, 7, 10, 0, 9, 16, 14]",False,44
22:06:49 06/12/2020,399,2492,"[19, 2, 17, 20, 12, 1, 4, 13, 18, 15, 6, 8, 11, 5, 3, 7, 10, 0, 9, 16, 14]",False,45
22:06:49 06/12/2020,400,2492,"[19, 2, 17, 20, 12, 1, 4, 13, 18, 15, 6, 8, 11, 5, 3, 7, 10, 0, 9, 16, 14]",False,46
22:06:49 06/12/2020,401,2492,"[19, 2, 17, 20, 12, 1, 4, 13, 18, 15, 6, 8, 11, 5, 3, 7, 10, 0, 9, 16, 14]",True,47
22:06:50 06/12/2020,402,2492,"[19, 2, 17, 20, 12, 1, 4, 13, 18, 15, 6, 8, 11, 5, 3, 7, 10, 0, 9, 16, 14]",True,48
22:06:50 06/12/2020,403,2492,"[19, 2, 17, 20, 12, 1, 4, 13, 18, 15, 6, 8, 11, 5, 3, 7, 10, 0, 9, 16, 14]",False,49
22:06:50 06/12/2020,404,2492,"[19, 2, 17, 20, 12, 1, 4, 13, 18, 15, 6, 8, 11, 5, 3, 7, 10, 0, 9, 16, 14]",False,50
22:06:50 06/12/2020,405,2492,"[19, 2, 17, 20, 12, 1, 4, 13, 18, 15, 6, 8, 11, 5, 3, 7, 10, 0, 9, 16, 14]",False,51
22:06:50 06/12/2020,406,2492,"[19, 2, 17, 20, 12, 1, 4, 13, 18, 15, 6, 8, 11, 5, 3, 7, 10, 0, 9, 16, 14]",False,52
22:06:50 06/12/2020,407,2492,"[19, 2, 17, 20, 12, 1, 4, 13, 18, 15, 6, 8, 11, 5, 3, 7, 10, 0, 9, 16, 14]",True,53
22:06:50 06/12/2020,408,2492,"[19, 2, 17, 20, 12, 1, 4, 13, 18, 15, 6, 8, 11, 5, 3, 7, 10, 0, 9, 16, 14]",False,54
22:06:50 06/12/2020,409,2492,"[19, 2, 17, 20, 12, 1, 4, 13, 18, 15, 6, 8, 11, 5, 3, 7, 10, 0, 9, 16, 14]",False,55
22:06:50 06/12/2020,410,2492,"[19, 2, 17, 20, 12, 1, 4, 13, 18, 15, 6, 8, 11, 5, 3, 7, 10, 0, 9, 16, 14]",True,56
22:06:50 06/12/2020,411,2492,"[19, 2, 17, 20, 12, 1, 4, 13, 18, 15, 6, 8, 11, 5, 3, 7, 10, 0, 9, 16, 14]",False,57
22:06:51 06/12/2020,412,2492,"[19, 2, 17, 20, 12, 1, 4, 13, 18, 15, 6, 8, 11, 5, 3, 7, 10, 0, 9, 16, 14]",False,58
22:06:51 06/12/2020,413,2492,"[19, 2, 17, 20, 12, 1, 4, 13, 18, 15, 6, 8, 11, 5, 3, 7, 10, 0, 9, 16, 14]",False,59
22:06:51 06/12/2020,414,2492,"[19, 2, 17, 20, 12, 1, 4, 13, 18, 15, 6, 8, 11, 5, 3, 7, 10, 0, 9, 16, 14]",False,60
22:06:51 06/12/2020,415,2492,"[19, 2, 17, 20, 12, 1, 4, 13, 18, 15, 6, 8, 11, 5, 3, 7, 10, 0, 9, 16, 14]",False,61
22:06:51 06/12/2020,416,2492,"[19, 2, 17, 20, 12, 1, 4, 13, 18, 15, 6, 8, 11, 5, 3, 7, 10, 0, 9, 16, 14]",False,62
22:06:51 06/12/2020,417,2492,"[19, 2, 17, 20, 12, 1, 4, 13, 18, 15, 6, 8, 11, 5, 3, 7, 10, 0, 9, 16, 14]",False,63
22:06:51 06/12/2020,418,2492,"[19, 2, 17, 20, 12, 1, 4, 13, 18, 15, 6, 8, 11, 5, 3, 7, 10, 0, 9, 16, 14]",False,64
22:06:51 06/12/2020,419,2492,"[19, 2, 17, 20, 12, 1, 4, 13, 18, 15, 6, 8, 11, 5, 3, 7, 10, 0, 9, 16, 14]",False,65
22:06:51 06/12/2020,420,2490,"[14, 16, 0, 11, 5, 1, 4, 10, 7, 6, 9, 12, 20, 19, 3, 18, 15, 17, 8, 2, 13]",True,0
22:06:51 06/12/2020,421,2490,"[14, 16, 0, 11, 5, 1, 4, 10, 7, 6, 9, 12, 20, 19, 3, 18, 15, 17, 8, 2, 13]",False,1
22:06:51 06/12/2020,422,2490,"[14, 16, 0, 11, 5, 1, 4, 10, 7, 6, 9, 12, 20, 19, 3, 18, 15, 17, 8, 2, 13]",True,2
22:06:52 06/12/2020,423,2490,"[14, 16, 0, 11, 5, 1, 4, 10, 7, 6, 9, 12, 20, 19, 3, 18, 15, 17, 8, 2, 13]",False,3
22:06:52 06/12/2020,424,2490,"[14, 16, 0, 11, 5, 1, 4, 10, 7, 6, 9, 12, 20, 19, 3, 18, 15, 17, 8, 2, 13]",False,4
22:06:52 06/12/2020,425,2490,"[14, 16, 0, 11, 5, 1, 4, 10, 7, 6, 9, 12, 20, 19, 3, 18, 15, 17, 8, 2, 13]",False,5
22:06:52 06/12/2020,426,2490,"[14, 16, 0, 11, 5, 1, 4, 10, 7, 6, 9, 12, 20, 19, 3, 18, 15, 17, 8, 2, 13]",False,6
22:06:52 06/12/2020,427,2490,"[14, 16, 0, 11, 5, 1, 4, 10, 7, 6, 9, 12, 20, 19, 3, 18, 15, 17, 8, 2, 13]",False,7
22:06:52 06/12/2020,428,2490,"[14, 16, 0, 11, 5, 1, 4, 10, 7, 6, 9, 12, 20, 19, 3, 18, 15, 17, 8, 2, 13]",False,8
22:06:52 06/12/2020,429,2490,"[14, 16, 0, 11, 5, 1, 4, 10, 7, 6, 9, 12, 20, 19, 3, 18, 15, 17, 8, 2, 13]",False,9
22:06:52 06/12/2020,430,2490,"[14, 16, 0, 11, 5, 1, 4, 10, 7, 6, 9, 12, 20, 19, 3, 18, 15, 17, 8, 2, 13]",False,10
22:06:52 06/12/2020,431,2490,"[14, 16, 0, 11, 5, 1, 4, 10, 7, 6, 9, 12, 20, 19, 3, 18, 15, 17, 8, 2, 13]",False,11
22:06:52 06/12/2020,432,2490,"[14, 16, 0, 11, 5, 1, 4, 10, 7, 6, 9, 12, 20, 19, 3, 18, 15, 17, 8, 2, 13]",False,12
22:06:52 06/12/2020,433,2490,"[14, 16, 0, 11, 5, 1, 4, 10, 7, 6, 9, 12, 20, 19, 3, 18, 15, 17, 8, 2, 13]",False,13
22:06:53 06/12/2020,434,2490,"[14, 16, 0, 11, 5, 1, 4, 10, 7, 6, 9, 12, 20, 19, 3, 18, 15, 17, 8, 2, 13]",False,14
22:06:53 06/12/2020,435,2490,"[14, 16, 0, 11, 5, 1, 4, 10, 7, 6, 9, 12, 20, 19, 3, 18, 15, 17, 8, 2, 13]",False,15
22:06:53 06/12/2020,436,2490,"[14, 16, 0, 11, 5, 1, 4, 10, 7, 6, 9, 12, 20, 19, 3, 18, 15, 17, 8, 2, 13]",False,16
22:06:53 06/12/2020,437,2490,"[14, 16, 0, 11, 5, 1, 4, 10, 7, 6, 9, 12, 20, 19, 3, 18, 15, 17, 8, 2, 13]",False,17
22:06:53 06/12/2020,438,2490,"[14, 16, 0, 11, 5, 1, 4, 10, 7, 6, 9, 12, 20, 19, 3, 18, 15, 17, 8, 2, 13]",False,18
22:06:53 06/12/2020,439,2490,"[14, 16, 0, 11, 5, 1, 4, 10, 7, 6, 9, 12, 20, 19, 3, 18, 15, 17, 8, 2, 13]",False,19
22:06:53 06/12/2020,440,2490,"[14, 16, 0, 11, 5, 1, 4, 10, 7, 6, 9, 12, 20, 19, 3, 18, 15, 17, 8, 2, 13]",False,20
22:06:53 06/12/2020,441,2490,"[14, 16, 0, 11, 5, 1, 4, 10, 7, 6, 9, 12, 20, 19, 3, 18, 15, 17, 8, 2, 13]",False,21
22:06:53 06/12/2020,442,2490,"[14, 16, 0, 11, 5, 1, 4, 10, 7, 6, 9, 12, 20, 19, 3, 18, 15, 17, 8, 2, 13]",False,22
22:06:53 06/12/2020,443,2490,"[14, 16, 0, 11, 5, 1, 4, 10, 7, 6, 9, 12, 20, 19, 3, 18, 15, 17, 8, 2, 13]",False,23
22:06:53 06/12/2020,444,2490,"[14, 16, 0, 11, 5, 1, 4, 10, 7, 6, 9, 12, 20, 19, 3, 18, 15, 17, 8, 2, 13]",False,24
22:06:53 06/12/2020,445,2490,"[14, 16, 0, 11, 5, 1, 4, 10, 7, 6, 9, 12, 20, 19, 3, 18, 15, 17, 8, 2, 13]",False,25
22:06:54 06/12/2020,446,2490,"[14, 16, 0, 11, 5, 1, 4, 10, 7, 6, 9, 12, 20, 19, 3, 18, 15, 17, 8, 2, 13]",False,26
22:06:54 06/12/2020,447,2490,"[14, 16, 0, 11, 5, 1, 4, 10, 7, 6, 9, 12, 20, 19, 3, 18, 15, 17, 8, 2, 13]",False,27
22:06:54 06/12/2020,448,2490,"[14, 16, 0, 11, 5, 1, 4, 10, 7, 6, 9, 12, 20, 19, 3, 18, 15, 17, 8, 2, 13]",False,28
22:06:54 06/12/2020,449,2490,"[14, 16, 0, 11, 5, 1, 4, 10, 7, 6, 9, 12, 20, 19, 3, 18, 15, 17, 8, 2, 13]",False,29
22:06:54 06/12/2020,450,2490,"[14, 16, 0, 11, 5, 1, 4, 10, 7, 6, 9, 12, 20, 19, 3, 18, 15, 17, 8, 2, 13]",False,30
22:06:54 06/12/2020,451,2490,"[14, 16, 0, 11, 5, 1, 4, 10, 7, 6, 9, 12, 20, 19, 3, 18, 15, 17, 8, 2, 13]",False,31
22:06:54 06/12/2020,452,2490,"[14, 16, 0, 11, 5, 1, 4, 10, 7, 6, 9, 12, 20, 19, 3, 18, 15, 17, 8, 2, 13]",False,32
22:06:54 06/12/2020,453,2490,"[14, 16, 0, 11, 5, 1, 4, 10, 7, 6, 9, 12, 20, 19, 3, 18, 15, 17, 8, 2, 13]",False,33
22:06:54 06/12/2020,454,2490,"[14, 16, 0, 11, 5, 1, 4, 10, 7, 6, 9, 12, 20, 19, 3, 18, 15, 17, 8, 2, 13]",False,34
22:06:54 06/12/2020,455,2490,"[14, 16, 0, 11, 5, 1, 4, 10, 7, 6, 9, 12, 20, 19, 3, 18, 15, 17, 8, 2, 13]",False,35
22:06:54 06/12/2020,456,2490,"[14, 16, 0, 11, 5, 1, 4, 10, 7, 6, 9, 12, 20, 19, 3, 18, 15, 17, 8, 2, 13]",False,36
22:06:55 06/12/2020,457,2490,"[14, 16, 0, 11, 5, 1, 4, 10, 7, 6, 9, 12, 20, 19, 3, 18, 15, 17, 8, 2, 13]",False,37
22:06:55 06/12/2020,458,2490,"[14, 16, 0, 11, 5, 1, 4, 10, 7, 6, 9, 12, 20, 19, 3, 18, 15, 17, 8, 2, 13]",False,38
22:06:55 06/12/2020,459,2490,"[14, 16, 0, 11, 5, 1, 4, 10, 7, 6, 9, 12, 20, 19, 3, 18, 15, 17, 8, 2, 13]",False,39
22:06:55 06/12/2020,460,2490,"[14, 16, 0, 11, 5, 1, 4, 10, 7, 6, 9, 12, 20, 19, 3, 18, 15, 17, 8, 2, 13]",False,40
22:06:55 06/12/2020,461,2490,"[14, 16, 0, 11, 5, 1, 4, 10, 7, 6, 9, 12, 20, 19, 3, 18, 15, 17, 8, 2, 13]",False,41
22:06:55 06/12/2020,462,2490,"[14, 16, 0, 11, 5, 1, 4, 10, 7, 6, 9, 12, 20, 19, 3, 18, 15, 17, 8, 2, 13]",False,42
22:06:55 06/12/2020,463,2490,"[14, 16, 0, 11, 5, 1, 4, 10, 7, 6, 9, 12, 20, 19, 3, 18, 15, 17, 8, 2, 13]",False,43
22:06:55 06/12/2020,464,2490,"[14, 16, 0, 11, 5, 1, 4, 10, 7, 6, 9, 12, 20, 19, 3, 18, 15, 17, 8, 2, 13]",True,44
22:06:55 06/12/2020,465,2490,"[14, 16, 0, 11, 5, 1, 4, 10, 7, 6, 9, 12, 20, 19, 3, 18, 15, 17, 8, 2, 13]",False,45
22:06:55 06/12/2020,466,2490,"[14, 16, 0, 11, 5, 1, 4, 10, 7, 6, 9, 12, 20, 19, 3, 18, 15, 17, 8, 2, 13]",False,46
22:06:56 06/12/2020,467,2490,"[14, 16, 0, 11, 5, 1, 4, 10, 7, 6, 9, 12, 20, 19, 3, 18, 15, 17, 8, 2, 13]",False,47
22:06:56 06/12/2020,468,2490,"[14, 16, 0, 11, 5, 1, 4, 10, 7, 6, 9, 12, 20, 19, 3, 18, 15, 17, 8, 2, 13]",False,48
22:06:56 06/12/2020,469,2490,"[14, 16, 0, 11, 5, 1, 4, 10, 7, 6, 9, 12, 20, 19, 3, 18, 15, 17, 8, 2, 13]",False,49
22:06:56 06/12/2020,470,2490,"[14, 16, 0, 11, 5, 1, 4, 10, 7, 6, 9, 12, 20, 19, 3, 18, 15, 17, 8, 2, 13]",False,50
22:06:56 06/12/2020,471,2490,"[14, 16, 0, 11, 5, 1, 4, 10, 7, 6, 9, 12, 20, 19, 3, 18, 15, 17, 8, 2, 13]",False,51
22:06:56 06/12/2020,472,2490,"[14, 16, 0, 11, 5, 1, 4, 10, 7, 6, 9, 12, 20, 19, 3, 18, 15, 17, 8, 2, 13]",False,52
22:06:56 06/12/2020,473,2490,"[14, 16, 0, 11, 5, 1, 4, 10, 7, 6, 9, 12, 20, 19, 3, 18, 15, 17, 8, 2, 13]",False,53
22:06:56 06/12/2020,474,2490,"[14, 16, 0, 11, 5, 1, 4, 10, 7, 6, 9, 12, 20, 19, 3, 18, 15, 17, 8, 2, 13]",False,54
22:06:56 06/12/2020,475,2490,"[14, 16, 0, 11, 5, 1, 4, 10, 7, 6, 9, 12, 20, 19, 3, 18, 15, 17, 8, 2, 13]",False,55
22:06:56 06/12/2020,476,2490,"[14, 16, 0, 11, 5, 1, 4, 10, 7, 6, 9, 12, 20, 19, 3, 18, 15, 17, 8, 2, 13]",False,56
22:06:57 06/12/2020,477,2490,"[14, 16, 0, 11, 5, 1, 4, 10, 7, 6, 9, 12, 20, 19, 3, 18, 15, 17, 8, 2, 13]",False,57
22:06:57 06/12/2020,478,2490,"[14, 16, 0, 11, 5, 1, 4, 10, 7, 6, 9, 12, 20, 19, 3, 18, 15, 17, 8, 2, 13]",False,58
22:06:57 06/12/2020,479,2490,"[14, 16, 0, 11, 5, 1, 4, 10, 7, 6, 9, 12, 20, 19, 3, 18, 15, 17, 8, 2, 13]",False,59
22:06:57 06/12/2020,480,2490,"[14, 16, 0, 11, 5, 1, 4, 10, 7, 6, 9, 12, 20, 19, 3, 18, 15, 17, 8, 2, 13]",False,60
22:06:57 06/12/2020,481,2490,"[14, 16, 0, 11, 5, 1, 4, 10, 7, 6, 9, 12, 20, 19, 3, 18, 15, 17, 8, 2, 13]",False,61
22:06:57 06/12/2020,482,2490,"[14, 16, 0, 11, 5, 1, 4, 10, 7, 6, 9, 12, 20, 19, 3, 18, 15, 17, 8, 2, 13]",False,62
22:06:57 06/12/2020,483,2490,"[14, 16, 0, 11, 5, 1, 4, 10, 7, 6, 9, 12, 20, 19, 3, 18, 15, 17, 8, 2, 13]",True,63
22:06:57 06/12/2020,484,2490,"[14, 16, 0, 11, 5, 1, 4, 10, 7, 6, 9, 12, 20, 19, 3, 18, 15, 17, 8, 2, 13]",False,64
22:06:57 06/12/2020,485,2490,"[14, 16, 0, 11, 5, 1, 4, 10, 7, 6, 9, 12, 20, 19, 3, 18, 15, 17, 8, 2, 13]",False,65
22:06:57 06/12/2020,486,2490,"[14, 16, 0, 11, 5, 1, 4, 10, 7, 6, 9, 12, 20, 19, 3, 18, 15, 17, 8, 2, 13]",False,66
22:06:57 06/12/2020,487,2490,"[14, 16, 0, 11, 5, 1, 4, 10, 7, 6, 9, 12, 20, 19, 3, 18, 15, 17, 8, 2, 13]",False,67
22:06:58 06/12/2020,488,2490,"[14, 16, 0, 11, 5, 1, 4, 10, 7, 6, 9, 12, 20, 19, 3, 18, 15, 17, 8, 2, 13]",False,68
22:06:58 06/12/2020,489,2490,"[14, 16, 0, 11, 5, 1, 4, 10, 7, 6, 9, 12, 20, 19, 3, 18, 15, 17, 8, 2, 13]",False,69
22:06:58 06/12/2020,490,2490,"[14, 16, 0, 11, 5, 1, 4, 10, 7, 6, 9, 12, 20, 19, 3, 18, 15, 17, 8, 2, 13]",False,70
22:06:58 06/12/2020,491,2490,"[14, 16, 0, 11, 5, 1, 4, 10, 7, 6, 9, 12, 20, 19, 3, 18, 15, 17, 8, 2, 13]",False,71
22:06:58 06/12/2020,492,2490,"[14, 16, 0, 11, 5, 1, 4, 10, 7, 6, 9, 12, 20, 19, 3, 18, 15, 17, 8, 2, 13]",False,72
22:06:58 06/12/2020,493,2490,"[14, 16, 0, 11, 5, 1, 4, 10, 7, 6, 9, 12, 20, 19, 3, 18, 15, 17, 8, 2, 13]",False,73
22:06:58 06/12/2020,494,2490,"[14, 16, 0, 11, 5, 1, 4, 10, 7, 6, 9, 12, 20, 19, 3, 18, 15, 17, 8, 2, 13]",False,74
22:06:58 06/12/2020,495,2490,"[14, 16, 0, 11, 5, 1, 4, 10, 7, 6, 9, 12, 20, 19, 3, 18, 15, 17, 8, 2, 13]",True,75
22:06:58 06/12/2020,496,2490,"[14, 16, 0, 11, 5, 1, 4, 10, 7, 6, 9, 12, 20, 19, 3, 18, 15, 17, 8, 2, 13]",False,76
22:06:58 06/12/2020,497,2490,"[14, 16, 0, 11, 5, 1, 4, 10, 7, 6, 9, 12, 20, 19, 3, 18, 15, 17, 8, 2, 13]",True,77
22:06:58 06/12/2020,498,2490,"[14, 16, 0, 11, 5, 1, 4, 10, 7, 6, 9, 12, 20, 19, 3, 18, 15, 17, 8, 2, 13]",True,78
22:06:59 06/12/2020,499,2490,"[14, 16, 0, 11, 5, 1, 4, 10, 7, 6, 9, 12, 20, 19, 3, 18, 15, 17, 8, 2, 13]",True,79
22:06:59 06/12/2020,500,2490,"[14, 16, 0, 11, 5, 1, 4, 10, 7, 6, 9, 12, 20, 19, 3, 18, 15, 17, 8, 2, 13]",False,80
22:06:59 06/12/2020,501,2490,"[14, 16, 0, 11, 5, 1, 4, 10, 7, 6, 9, 12, 20, 19, 3, 18, 15, 17, 8, 2, 13]",False,81
22:06:59 06/12/2020,502,2490,"[14, 16, 0, 11, 5, 1, 4, 10, 7, 6, 9, 12, 20, 19, 3, 18, 15, 17, 8, 2, 13]",True,82
22:06:59 06/12/2020,503,2490,"[14, 16, 0, 11, 5, 1, 4, 10, 7, 6, 9, 12, 20, 19, 3, 18, 15, 17, 8, 2, 13]",False,83
22:06:59 06/12/2020,504,2490,"[14, 16, 0, 11, 5, 1, 4, 10, 7, 6, 9, 12, 20, 19, 3, 18, 15, 17, 8, 2, 13]",False,84
22:06:59 06/12/2020,505,2490,"[14, 16, 0, 11, 5, 1, 4, 10, 7, 6, 9, 12, 20, 19, 3, 18, 15, 17, 8, 2, 13]",True,85
22:06:59 06/12/2020,506,2490,"[14, 16, 0, 11, 5, 1, 4, 10, 7, 6, 9, 12, 20, 19, 3, 18, 15, 17, 8, 2, 13]",False,86
22:06:59 06/12/2020,507,2490,"[14, 16, 0, 11, 5, 1, 4, 10, 7, 6, 9, 12, 20, 19, 3, 18, 15, 17, 8, 2, 13]",False,87
22:06:59 06/12/2020,508,2490,"[14, 16, 0, 11, 5, 1, 4, 10, 7, 6, 9, 12, 20, 19, 3, 18, 15, 17, 8, 2, 13]",False,88
22:07:00 06/12/2020,509,2490,"[14, 16, 0, 11, 5, 1, 4, 10, 7, 6, 9, 12, 20, 19, 3, 18, 15, 17, 8, 2, 13]",True,89
22:07:00 06/12/2020,510,2490,"[14, 16, 0, 11, 5, 1, 4, 10, 7, 6, 9, 12, 20, 19, 3, 18, 15, 17, 8, 2, 13]",False,90
22:07:00 06/12/2020,511,2490,"[14, 16, 0, 11, 5, 1, 4, 10, 7, 6, 9, 12, 20, 19, 3, 18, 15, 17, 8, 2, 13]",False,91
22:07:00 06/12/2020,512,2490,"[14, 16, 0, 11, 5, 1, 4, 10, 7, 6, 9, 12, 20, 19, 3, 18, 15, 17, 8, 2, 13]",True,92
22:07:00 06/12/2020,513,2490,"[14, 16, 0, 11, 5, 1, 4, 10, 7, 6, 9, 12, 20, 19, 3, 18, 15, 17, 8, 2, 13]",False,93
22:07:00 06/12/2020,514,2490,"[14, 16, 0, 11, 5, 1, 4, 10, 7, 6, 9, 12, 20, 19, 3, 18, 15, 17, 8, 2, 13]",False,94
22:07:00 06/12/2020,515,2488,"[16, 11, 9, 5, 12, 1, 4, 0, 7, 6, 15, 8, 20, 19, 14, 18, 10, 17, 2, 3, 13]",True,0
22:07:00 06/12/2020,516,2488,"[16, 11, 9, 5, 12, 1, 4, 0, 7, 6, 15, 8, 20, 19, 14, 18, 10, 17, 2, 3, 13]",False,1
22:07:00 06/12/2020,517,2488,"[16, 11, 9, 5, 12, 1, 4, 0, 7, 6, 15, 8, 20, 19, 14, 18, 10, 17, 2, 3, 13]",False,2
22:07:01 06/12/2020,518,2482,"[16, 14, 0, 11, 5, 1, 4, 18, 7, 6, 9, 12, 20, 19, 3, 10, 15, 8, 17, 2, 13]",False,0
22:07:01 06/12/2020,519,2482,"[16, 14, 0, 11, 5, 1, 4, 18, 7, 6, 9, 12, 20, 19, 3, 10, 15, 8, 17, 2, 13]",False,1
22:07:01 06/12/2020,520,2482,"[16, 14, 0, 11, 5, 1, 4, 18, 7, 6, 9, 12, 20, 19, 3, 10, 15, 8, 17, 2, 13]",True,2
22:07:01 06/12/2020,521,2482,"[16, 14, 0, 11, 5, 1, 4, 18, 7, 6, 9, 12, 20, 19, 3, 10, 15, 8, 17, 2, 13]",False,3
22:07:01 06/12/2020,522,2482,"[16, 14, 0, 11, 5, 1, 4, 18, 7, 6, 9, 12, 20, 19, 3, 10, 15, 8, 17, 2, 13]",False,4
22:07:01 06/12/2020,523,2482,"[16, 14, 0, 11, 5, 1, 4, 18, 7, 6, 9, 12, 20, 19, 3, 10, 15, 8, 17, 2, 13]",False,5
22:07:01 06/12/2020,524,2482,"[16, 14, 0, 11, 5, 1, 4, 18, 7, 6, 9, 12, 20, 19, 3, 10, 15, 8, 17, 2, 13]",True,6
22:07:01 06/12/2020,525,2482,"[16, 14, 0, 11, 5, 1, 4, 18, 7, 6, 9, 12, 20, 19, 3, 10, 15, 8, 17, 2, 13]",True,7
22:07:01 06/12/2020,526,2482,"[16, 14, 0, 11, 5, 1, 4, 18, 7, 6, 9, 12, 20, 19, 3, 10, 15, 8, 17, 2, 13]",False,8
22:07:01 06/12/2020,527,2482,"[16, 14, 0, 11, 5, 1, 4, 18, 7, 6, 9, 12, 20, 19, 3, 10, 15, 8, 17, 2, 13]",False,9
22:07:02 06/12/2020,528,2482,"[16, 14, 0, 11, 5, 1, 4, 18, 7, 6, 9, 12, 20, 19, 3, 10, 15, 8, 17, 2, 13]",False,10
22:07:02 06/12/2020,529,2482,"[16, 14, 0, 11, 5, 1, 4, 18, 7, 6, 9, 12, 20, 19, 3, 10, 15, 8, 17, 2, 13]",True,11
22:07:02 06/12/2020,530,2482,"[16, 14, 0, 11, 5, 1, 4, 18, 7, 6, 9, 12, 20, 19, 3, 10, 15, 8, 17, 2, 13]",False,12
22:07:02 06/12/2020,531,2482,"[16, 14, 0, 11, 5, 1, 4, 18, 7, 6, 9, 12, 20, 19, 3, 10, 15, 8, 17, 2, 13]",False,13
22:07:02 06/12/2020,532,2482,"[16, 14, 0, 11, 5, 1, 4, 18, 7, 6, 9, 12, 20, 19, 3, 10, 15, 8, 17, 2, 13]",False,14
22:07:02 06/12/2020,533,2482,"[16, 14, 0, 11, 5, 1, 4, 18, 7, 6, 9, 12, 20, 19, 3, 10, 15, 8, 17, 2, 13]",True,15
22:07:02 06/12/2020,534,2482,"[16, 14, 0, 11, 5, 1, 4, 18, 7, 6, 9, 12, 20, 19, 3, 10, 15, 8, 17, 2, 13]",True,16
22:07:02 06/12/2020,535,2482,"[16, 14, 0, 11, 5, 1, 4, 18, 7, 6, 9, 12, 20, 19, 3, 10, 15, 8, 17, 2, 13]",False,17
22:07:02 06/12/2020,536,2482,"[16, 14, 0, 11, 5, 1, 4, 18, 7, 6, 9, 12, 20, 19, 3, 10, 15, 8, 17, 2, 13]",True,18
22:07:02 06/12/2020,537,2482,"[16, 14, 0, 11, 5, 1, 4, 18, 7, 6, 9, 12, 20, 19, 3, 10, 15, 8, 17, 2, 13]",True,19
22:07:03 06/12/2020,538,2482,"[16, 14, 0, 11, 5, 1, 4, 18, 7, 6, 9, 12, 20, 19, 3, 10, 15, 8, 17, 2, 13]",False,20
22:07:03 06/12/2020,539,2482,"[16, 14, 0, 11, 5, 1, 4, 18, 7, 6, 9, 12, 20, 19, 3, 10, 15, 8, 17, 2, 13]",False,21
22:07:03 06/12/2020,540,2482,"[16, 14, 0, 11, 5, 1, 4, 18, 7, 6, 9, 12, 20, 19, 3, 10, 15, 8, 17, 2, 13]",False,22
22:07:03 06/12/2020,541,2482,"[16, 14, 0, 11, 5, 1, 4, 18, 7, 6, 9, 12, 20, 19, 3, 10, 15, 8, 17, 2, 13]",False,23
22:07:03 06/12/2020,542,2482,"[16, 14, 0, 11, 5, 1, 4, 18, 7, 6, 9, 12, 20, 19, 3, 10, 15, 8, 17, 2, 13]",False,24
22:07:03 06/12/2020,543,2482,"[16, 14, 0, 11, 5, 1, 4, 18, 7, 6, 9, 12, 20, 19, 3, 10, 15, 8, 17, 2, 13]",False,25
22:07:03 06/12/2020,544,2482,"[16, 14, 0, 11, 5, 1, 4, 18, 7, 6, 9, 12, 20, 19, 3, 10, 15, 8, 17, 2, 13]",False,26
22:07:03 06/12/2020,545,2482,"[16, 14, 0, 11, 5, 1, 4, 18, 7, 6, 9, 12, 20, 19, 3, 10, 15, 8, 17, 2, 13]",True,27
22:07:03 06/12/2020,546,2482,"[16, 14, 0, 11, 5, 1, 4, 18, 7, 6, 9, 12, 20, 19, 3, 10, 15, 8, 17, 2, 13]",False,28
22:07:03 06/12/2020,547,2482,"[16, 14, 0, 11, 5, 1, 4, 18, 7, 6, 9, 12, 20, 19, 3, 10, 15, 8, 17, 2, 13]",False,29
22:07:03 06/12/2020,548,2482,"[16, 14, 0, 11, 5, 1, 4, 18, 7, 6, 9, 12, 20, 19, 3, 10, 15, 8, 17, 2, 13]",False,30
22:07:04 06/12/2020,549,2482,"[16, 14, 0, 11, 5, 1, 4, 18, 7, 6, 9, 12, 20, 19, 3, 10, 15, 8, 17, 2, 13]",False,31
22:07:04 06/12/2020,550,2482,"[16, 14, 0, 11, 5, 1, 4, 18, 7, 6, 9, 12, 20, 19, 3, 10, 15, 8, 17, 2, 13]",False,32
22:07:04 06/12/2020,551,2482,"[16, 14, 0, 11, 5, 1, 4, 18, 7, 6, 9, 12, 20, 19, 3, 10, 15, 8, 17, 2, 13]",False,33
22:07:04 06/12/2020,552,2482,"[16, 14, 0, 11, 5, 1, 4, 18, 7, 6, 9, 12, 20, 19, 3, 10, 15, 8, 17, 2, 13]",False,34
22:07:04 06/12/2020,553,2482,"[16, 14, 0, 11, 5, 1, 4, 18, 7, 6, 9, 12, 20, 19, 3, 10, 15, 8, 17, 2, 13]",False,35
22:07:04 06/12/2020,554,2482,"[16, 14, 0, 11, 5, 1, 4, 18, 7, 6, 9, 12, 20, 19, 3, 10, 15, 8, 17, 2, 13]",True,36
22:07:04 06/12/2020,555,2482,"[16, 14, 0, 11, 5, 1, 4, 18, 7, 6, 9, 12, 20, 19, 3, 10, 15, 8, 17, 2, 13]",False,37
22:07:04 06/12/2020,556,2482,"[16, 14, 0, 11, 5, 1, 4, 18, 7, 6, 9, 12, 20, 19, 3, 10, 15, 8, 17, 2, 13]",False,38
22:07:04 06/12/2020,557,2482,"[16, 14, 0, 11, 5, 1, 4, 18, 7, 6, 9, 12, 20, 19, 3, 10, 15, 8, 17, 2, 13]",False,39
22:07:04 06/12/2020,558,2482,"[16, 14, 0, 11, 5, 1, 4, 18, 7, 6, 9, 12, 20, 19, 3, 10, 15, 8, 17, 2, 13]",False,40
22:07:04 06/12/2020,559,2482,"[16, 14, 0, 11, 5, 1, 4, 18, 7, 6, 9, 12, 20, 19, 3, 10, 15, 8, 17, 2, 13]",False,41
22:07:05 06/12/2020,560,2482,"[16, 14, 0, 11, 5, 1, 4, 18, 7, 6, 9, 12, 20, 19, 3, 10, 15, 8, 17, 2, 13]",False,42
22:07:05 06/12/2020,561,2482,"[16, 14, 0, 11, 5, 1, 4, 18, 7, 6, 9, 12, 20, 19, 3, 10, 15, 8, 17, 2, 13]",False,43
22:07:05 06/12/2020,562,2482,"[16, 14, 0, 11, 5, 1, 4, 18, 7, 6, 9, 12, 20, 19, 3, 10, 15, 8, 17, 2, 13]",False,44
22:07:05 06/12/2020,563,2482,"[16, 14, 0, 11, 5, 1, 4, 18, 7, 6, 9, 12, 20, 19, 3, 10, 15, 8, 17, 2, 13]",False,45
22:07:05 06/12/2020,564,2482,"[16, 14, 0, 11, 5, 1, 4, 18, 7, 6, 9, 12, 20, 19, 3, 10, 15, 8, 17, 2, 13]",False,46
22:07:05 06/12/2020,565,2482,"[16, 14, 0, 11, 5, 1, 4, 18, 7, 6, 9, 12, 20, 19, 3, 10, 15, 8, 17, 2, 13]",False,47
22:07:05 06/12/2020,566,2482,"[16, 14, 0, 11, 5, 1, 4, 18, 7, 6, 9, 12, 20, 19, 3, 10, 15, 8, 17, 2, 13]",False,48
22:07:05 06/12/2020,567,2482,"[16, 14, 0, 11, 5, 1, 4, 18, 7, 6, 9, 12, 20, 19, 3, 10, 15, 8, 17, 2, 13]",False,49
22:07:05 06/12/2020,568,2482,"[16, 14, 0, 11, 5, 1, 4, 18, 7, 6, 9, 12, 20, 19, 3, 10, 15, 8, 17, 2, 13]",True,50
22:07:05 06/12/2020,569,2482,"[16, 14, 0, 11, 5, 1, 4, 18, 7, 6, 9, 12, 20, 19, 3, 10, 15, 8, 17, 2, 13]",True,51
22:07:05 06/12/2020,570,2482,"[16, 14, 0, 11, 5, 1, 4, 18, 7, 6, 9, 12, 20, 19, 3, 10, 15, 8, 17, 2, 13]",False,52
22:07:06 06/12/2020,571,2482,"[16, 14, 0, 11, 5, 1, 4, 18, 7, 6, 9, 12, 20, 19, 3, 10, 15, 8, 17, 2, 13]",False,53
22:07:06 06/12/2020,572,2482,"[16, 14, 0, 11, 5, 1, 4, 18, 7, 6, 9, 12, 20, 19, 3, 10, 15, 8, 17, 2, 13]",False,54
22:07:06 06/12/2020,573,2482,"[16, 14, 0, 11, 5, 1, 4, 18, 7, 6, 9, 12, 20, 19, 3, 10, 15, 8, 17, 2, 13]",False,55
22:07:06 06/12/2020,574,2482,"[16, 14, 0, 11, 5, 1, 4, 18, 7, 6, 9, 12, 20, 19, 3, 10, 15, 8, 17, 2, 13]",False,56
22:07:06 06/12/2020,575,2482,"[16, 14, 0, 11, 5, 1, 4, 18, 7, 6, 9, 12, 20, 19, 3, 10, 15, 8, 17, 2, 13]",False,57
22:07:06 06/12/2020,576,2482,"[16, 14, 0, 11, 5, 1, 4, 18, 7, 6, 9, 12, 20, 19, 3, 10, 15, 8, 17, 2, 13]",False,58
22:07:06 06/12/2020,577,2482,"[16, 14, 0, 11, 5, 1, 4, 18, 7, 6, 9, 12, 20, 19, 3, 10, 15, 8, 17, 2, 13]",False,59
22:07:06 06/12/2020,578,2482,"[16, 14, 0, 11, 5, 1, 4, 18, 7, 6, 9, 12, 20, 19, 3, 10, 15, 8, 17, 2, 13]",False,60
22:07:06 06/12/2020,579,2482,"[16, 14, 0, 11, 5, 1, 4, 18, 7, 6, 9, 12, 20, 19, 3, 10, 15, 8, 17, 2, 13]",False,61
22:07:06 06/12/2020,580,2482,"[16, 14, 0, 11, 5, 1, 4, 18, 7, 6, 9, 12, 20, 19, 3, 10, 15, 8, 17, 2, 13]",False,62
22:07:06 06/12/2020,581,2482,"[16, 14, 0, 11, 5, 1, 4, 18, 7, 6, 9, 12, 20, 19, 3, 10, 15, 8, 17, 2, 13]",False,63
22:07:07 06/12/2020,582,2482,"[16, 14, 0, 11, 5, 1, 4, 18, 7, 6, 9, 12, 20, 19, 3, 10, 15, 8, 17, 2, 13]",False,64
22:07:07 06/12/2020,583,2482,"[16, 14, 0, 11, 5, 1, 4, 18, 7, 6, 9, 12, 20, 19, 3, 10, 15, 8, 17, 2, 13]",False,65
22:07:07 06/12/2020,584,2482,"[16, 14, 0, 11, 5, 1, 4, 18, 7, 6, 9, 12, 20, 19, 3, 10, 15, 8, 17, 2, 13]",False,66
22:07:07 06/12/2020,585,2482,"[16, 14, 0, 11, 5, 1, 4, 18, 7, 6, 9, 12, 20, 19, 3, 10, 15, 8, 17, 2, 13]",False,67
22:07:07 06/12/2020,586,2482,"[16, 14, 0, 11, 5, 1, 4, 18, 7, 6, 9, 12, 20, 19, 3, 10, 15, 8, 17, 2, 13]",False,68
22:07:07 06/12/2020,587,2482,"[16, 14, 0, 11, 5, 1, 4, 18, 7, 6, 9, 12, 20, 19, 3, 10, 15, 8, 17, 2, 13]",False,69
22:07:07 06/12/2020,588,2482,"[16, 14, 0, 11, 5, 1, 4, 18, 7, 6, 9, 12, 20, 19, 3, 10, 15, 8, 17, 2, 13]",False,70
22:07:07 06/12/2020,589,2482,"[16, 14, 0, 11, 5, 1, 4, 18, 7, 6, 9, 12, 20, 19, 3, 10, 15, 8, 17, 2, 13]",False,71
22:07:07 06/12/2020,590,2482,"[16, 14, 0, 11, 5, 1, 4, 18, 7, 6, 9, 12, 20, 19, 3, 10, 15, 8, 17, 2, 13]",False,72
22:07:07 06/12/2020,591,2482,"[16, 14, 0, 11, 5, 1, 4, 18, 7, 6, 9, 12, 20, 19, 3, 10, 15, 8, 17, 2, 13]",False,73
22:07:07 06/12/2020,592,2482,"[16, 14, 0, 11, 5, 1, 4, 18, 7, 6, 9, 12, 20, 19, 3, 10, 15, 8, 17, 2, 13]",False,74
22:07:07 06/12/2020,593,2482,"[16, 14, 0, 11, 5, 1, 4, 18, 7, 6, 9, 12, 20, 19, 3, 10, 15, 8, 17, 2, 13]",False,75
22:07:08 06/12/2020,594,2482,"[16, 14, 0, 11, 5, 1, 4, 18, 7, 6, 9, 12, 20, 19, 3, 10, 15, 8, 17, 2, 13]",False,76
22:07:08 06/12/2020,595,2482,"[16, 14, 0, 11, 5, 1, 4, 18, 7, 6, 9, 12, 20, 19, 3, 10, 15, 8, 17, 2, 13]",False,77
22:07:08 06/12/2020,596,2482,"[16, 14, 0, 11, 5, 1, 4, 18, 7, 6, 9, 12, 20, 19, 3, 10, 15, 8, 17, 2, 13]",False,78
22:07:08 06/12/2020,597,2482,"[16, 14, 0, 11, 5, 1, 4, 18, 7, 6, 9, 12, 20, 19, 3, 10, 15, 8, 17, 2, 13]",False,79
22:07:08 06/12/2020,598,2482,"[16, 14, 0, 11, 5, 1, 4, 18, 7, 6, 9, 12, 20, 19, 3, 10, 15, 8, 17, 2, 13]",False,80
22:07:08 06/12/2020,599,2482,"[16, 14, 0, 11, 5, 1, 4, 18, 7, 6, 9, 12, 20, 19, 3, 10, 15, 8, 17, 2, 13]",False,81
22:07:08 06/12/2020,600,2482,"[16, 14, 0, 11, 5, 1, 4, 18, 7, 6, 9, 12, 20, 19, 3, 10, 15, 8, 17, 2, 13]",False,82
22:07:08 06/12/2020,601,2482,"[16, 14, 0, 11, 5, 1, 4, 18, 7, 6, 9, 12, 20, 19, 3, 10, 15, 8, 17, 2, 13]",True,83
22:07:08 06/12/2020,602,2482,"[16, 14, 0, 11, 5, 1, 4, 18, 7, 6, 9, 12, 20, 19, 3, 10, 15, 8, 17, 2, 13]",True,84
22:07:08 06/12/2020,603,2482,"[16, 14, 0, 11, 5, 1, 4, 18, 7, 6, 9, 12, 20, 19, 3, 10, 15, 8, 17, 2, 13]",False,85
22:07:09 06/12/2020,604,2482,"[16, 14, 0, 11, 5, 1, 4, 18, 7, 6, 9, 12, 20, 19, 3, 10, 15, 8, 17, 2, 13]",False,86
22:07:09 06/12/2020,605,2482,"[16, 14, 0, 11, 5, 1, 4, 18, 7, 6, 9, 12, 20, 19, 3, 10, 15, 8, 17, 2, 13]",False,87
22:07:09 06/12/2020,606,2482,"[16, 14, 0, 11, 5, 1, 4, 18, 7, 6, 9, 12, 20, 19, 3, 10, 15, 8, 17, 2, 13]",False,88
22:07:09 06/12/2020,607,2482,"[16, 14, 0, 11, 5, 1, 4, 18, 7, 6, 9, 12, 20, 19, 3, 10, 15, 8, 17, 2, 13]",True,89
22:07:09 06/12/2020,608,2482,"[16, 14, 0, 11, 5, 1, 4, 18, 7, 6, 9, 12, 20, 19, 3, 10, 15, 8, 17, 2, 13]",False,90
22:07:09 06/12/2020,609,2482,"[16, 14, 0, 11, 5, 1, 4, 18, 7, 6, 9, 12, 20, 19, 3, 10, 15, 8, 17, 2, 13]",False,91
22:07:09 06/12/2020,610,2482,"[16, 14, 0, 11, 5, 1, 4, 18, 7, 6, 9, 12, 20, 19, 3, 10, 15, 8, 17, 2, 13]",False,92
22:07:09 06/12/2020,611,2482,"[16, 14, 0, 11, 5, 1, 4, 18, 7, 6, 9, 12, 20, 19, 3, 10, 15, 8, 17, 2, 13]",False,93
22:07:09 06/12/2020,612,2482,"[16, 14, 0, 11, 5, 1, 4, 18, 7, 6, 9, 12, 20, 19, 3, 10, 15, 8, 17, 2, 13]",False,94
22:07:09 06/12/2020,613,2482,"[16, 14, 0, 11, 5, 1, 4, 18, 7, 6, 9, 12, 20, 19, 3, 10, 15, 8, 17, 2, 13]",False,95
22:07:09 06/12/2020,614,2482,"[16, 14, 0, 11, 5, 1, 4, 18, 7, 6, 9, 12, 20, 19, 3, 10, 15, 8, 17, 2, 13]",False,96
22:07:10 06/12/2020,615,2482,"[16, 14, 0, 11, 5, 1, 4, 18, 7, 6, 9, 12, 20, 19, 3, 10, 15, 8, 17, 2, 13]",False,97
22:07:10 06/12/2020,616,2482,"[16, 14, 0, 11, 5, 1, 4, 18, 7, 6, 9, 12, 20, 19, 3, 10, 15, 8, 17, 2, 13]",False,98
22:07:10 06/12/2020,617,2482,"[16, 14, 0, 11, 5, 1, 4, 18, 7, 6, 9, 12, 20, 19, 3, 10, 15, 8, 17, 2, 13]",False,99
22:07:10 06/12/2020,618,2482,"[16, 14, 0, 11, 5, 1, 4, 18, 7, 6, 9, 12, 20, 19, 3, 10, 15, 8, 17, 2, 13]",False,100
22:07:10 06/12/2020,619,2482,"[16, 14, 0, 11, 5, 1, 4, 18, 7, 6, 9, 12, 20, 19, 3, 10, 15, 8, 17, 2, 13]",False,101
22:07:10 06/12/2020,620,2482,"[16, 14, 0, 11, 5, 1, 4, 18, 7, 6, 9, 12, 20, 19, 3, 10, 15, 8, 17, 2, 13]",False,102
22:07:10 06/12/2020,621,2482,"[16, 14, 0, 11, 5, 1, 4, 18, 7, 6, 9, 12, 20, 19, 3, 10, 15, 8, 17, 2, 13]",False,103
22:07:10 06/12/2020,622,2482,"[16, 14, 0, 11, 5, 1, 4, 18, 7, 6, 9, 12, 20, 19, 3, 10, 15, 8, 17, 2, 13]",False,104
22:07:10 06/12/2020,623,2482,"[16, 14, 0, 11, 5, 1, 4, 18, 7, 6, 9, 12, 20, 19, 3, 10, 15, 8, 17, 2, 13]",False,105
22:07:10 06/12/2020,624,2482,"[16, 14, 0, 11, 5, 1, 4, 18, 7, 6, 9, 12, 20, 19, 3, 10, 15, 8, 17, 2, 13]",False,106
22:07:10 06/12/2020,625,2482,"[16, 14, 0, 11, 5, 1, 4, 18, 7, 6, 9, 12, 20, 19, 3, 10, 15, 8, 17, 2, 13]",True,107
22:07:11 06/12/2020,626,2482,"[16, 14, 0, 11, 5, 1, 4, 18, 7, 6, 9, 12, 20, 19, 3, 10, 15, 8, 17, 2, 13]",True,108
22:07:11 06/12/2020,627,2482,"[16, 14, 0, 11, 5, 1, 4, 18, 7, 6, 9, 12, 20, 19, 3, 10, 15, 8, 17, 2, 13]",True,109
22:07:11 06/12/2020,628,2482,"[16, 14, 0, 11, 5, 1, 4, 18, 7, 6, 9, 12, 20, 19, 3, 10, 15, 8, 17, 2, 13]",False,110
22:07:11 06/12/2020,629,2482,"[16, 14, 0, 11, 5, 1, 4, 18, 7, 6, 9, 12, 20, 19, 3, 10, 15, 8, 17, 2, 13]",True,111
22:07:11 06/12/2020,630,2482,"[16, 14, 0, 11, 5, 1, 4, 18, 7, 6, 9, 12, 20, 19, 3, 10, 15, 8, 17, 2, 13]",False,112
22:07:11 06/12/2020,631,2482,"[16, 14, 0, 11, 5, 1, 4, 18, 7, 6, 9, 12, 20, 19, 3, 10, 15, 8, 17, 2, 13]",False,113
22:07:11 06/12/2020,632,2482,"[16, 14, 0, 11, 5, 1, 4, 18, 7, 6, 9, 12, 20, 19, 3, 10, 15, 8, 17, 2, 13]",True,114
22:07:11 06/12/2020,633,2482,"[16, 14, 0, 11, 5, 1, 4, 18, 7, 6, 9, 12, 20, 19, 3, 10, 15, 8, 17, 2, 13]",False,115
22:07:11 06/12/2020,634,2482,"[16, 14, 0, 11, 5, 1, 4, 18, 7, 6, 9, 12, 20, 19, 3, 10, 15, 8, 17, 2, 13]",False,116
22:07:11 06/12/2020,635,2482,"[16, 14, 0, 11, 5, 1, 4, 18, 7, 6, 9, 12, 20, 19, 3, 10, 15, 8, 17, 2, 13]",False,117
22:07:12 06/12/2020,636,2482,"[16, 14, 0, 11, 5, 1, 4, 18, 7, 6, 9, 12, 20, 19, 3, 10, 15, 8, 17, 2, 13]",False,118
22:07:12 06/12/2020,637,2482,"[16, 14, 0, 11, 5, 1, 4, 18, 7, 6, 9, 12, 20, 19, 3, 10, 15, 8, 17, 2, 13]",False,119
22:07:12 06/12/2020,638,2482,"[16, 14, 0, 11, 5, 1, 4, 18, 7, 6, 9, 12, 20, 19, 3, 10, 15, 8, 17, 2, 13]",False,120
22:07:12 06/12/2020,639,2482,"[16, 14, 0, 11, 5, 1, 4, 18, 7, 6, 9, 12, 20, 19, 3, 10, 15, 8, 17, 2, 13]",False,121
22:07:12 06/12/2020,640,2482,"[16, 14, 0, 11, 5, 1, 4, 18, 7, 6, 9, 12, 20, 19, 3, 10, 15, 8, 17, 2, 13]",False,122
22:07:12 06/12/2020,641,2482,"[16, 14, 0, 11, 5, 1, 4, 18, 7, 6, 9, 12, 20, 19, 3, 10, 15, 8, 17, 2, 13]",False,123
22:07:12 06/12/2020,642,2482,"[16, 14, 0, 11, 5, 1, 4, 18, 7, 6, 9, 12, 20, 19, 3, 10, 15, 8, 17, 2, 13]",False,124
22:07:12 06/12/2020,643,2482,"[16, 14, 0, 11, 5, 1, 4, 18, 7, 6, 9, 12, 20, 19, 3, 10, 15, 8, 17, 2, 13]",False,125
22:07:12 06/12/2020,644,2482,"[16, 14, 0, 11, 5, 1, 4, 18, 7, 6, 9, 12, 20, 19, 3, 10, 15, 8, 17, 2, 13]",False,126
22:07:12 06/12/2020,645,2482,"[16, 14, 0, 11, 5, 1, 4, 18, 7, 6, 9, 12, 20, 19, 3, 10, 15, 8, 17, 2, 13]",False,127
22:07:12 06/12/2020,646,2482,"[16, 14, 0, 11, 5, 1, 4, 18, 7, 6, 9, 12, 20, 19, 3, 10, 15, 8, 17, 2, 13]",False,128
22:07:12 06/12/2020,647,2482,"[16, 14, 0, 11, 5, 1, 4, 18, 7, 6, 9, 12, 20, 19, 3, 10, 15, 8, 17, 2, 13]",False,129
22:07:13 06/12/2020,648,2482,"[16, 14, 0, 11, 5, 1, 4, 18, 7, 6, 9, 12, 20, 19, 3, 10, 15, 8, 17, 2, 13]",False,130
22:07:13 06/12/2020,649,2482,"[16, 14, 0, 11, 5, 1, 4, 18, 7, 6, 9, 12, 20, 19, 3, 10, 15, 8, 17, 2, 13]",False,131
22:07:13 06/12/2020,650,2482,"[16, 14, 0, 11, 5, 1, 4, 18, 7, 6, 9, 12, 20, 19, 3, 10, 15, 8, 17, 2, 13]",False,132
22:07:13 06/12/2020,651,2482,"[16, 14, 0, 11, 5, 1, 4, 18, 7, 6, 9, 12, 20, 19, 3, 10, 15, 8, 17, 2, 13]",False,133
22:07:13 06/12/2020,652,2482,"[16, 14, 0, 11, 5, 1, 4, 18, 7, 6, 9, 12, 20, 19, 3, 10, 15, 8, 17, 2, 13]",False,134
22:07:13 06/12/2020,653,2482,"[16, 14, 0, 11, 5, 1, 4, 18, 7, 6, 9, 12, 20, 19, 3, 10, 15, 8, 17, 2, 13]",True,135
22:07:13 06/12/2020,654,2482,"[16, 14, 0, 11, 5, 1, 4, 18, 7, 6, 9, 12, 20, 19, 3, 10, 15, 8, 17, 2, 13]",False,136
22:07:13 06/12/2020,655,2482,"[16, 14, 0, 11, 5, 1, 4, 18, 7, 6, 9, 12, 20, 19, 3, 10, 15, 8, 17, 2, 13]",False,137
22:07:13 06/12/2020,656,2482,"[16, 14, 0, 11, 5, 1, 4, 18, 7, 6, 9, 12, 20, 19, 3, 10, 15, 8, 17, 2, 13]",False,138
22:07:13 06/12/2020,657,2482,"[16, 14, 0, 11, 5, 1, 4, 18, 7, 6, 9, 12, 20, 19, 3, 10, 15, 8, 17, 2, 13]",False,139
22:07:13 06/12/2020,658,2482,"[16, 14, 0, 11, 5, 1, 4, 18, 7, 6, 9, 12, 20, 19, 3, 10, 15, 8, 17, 2, 13]",False,140
22:07:14 06/12/2020,659,2482,"[16, 14, 0, 11, 5, 1, 4, 18, 7, 6, 9, 12, 20, 19, 3, 10, 15, 8, 17, 2, 13]",False,141
22:07:14 06/12/2020,660,2482,"[16, 14, 0, 11, 5, 1, 4, 18, 7, 6, 9, 12, 20, 19, 3, 10, 15, 8, 17, 2, 13]",False,142
22:07:14 06/12/2020,661,2482,"[16, 14, 0, 11, 5, 1, 4, 18, 7, 6, 9, 12, 20, 19, 3, 10, 15, 8, 17, 2, 13]",False,143
22:07:14 06/12/2020,662,2482,"[16, 14, 0, 11, 5, 1, 4, 18, 7, 6, 9, 12, 20, 19, 3, 10, 15, 8, 17, 2, 13]",False,144
22:07:14 06/12/2020,663,2482,"[16, 14, 0, 11, 5, 1, 4, 18, 7, 6, 9, 12, 20, 19, 3, 10, 15, 8, 17, 2, 13]",False,145
22:07:14 06/12/2020,664,2482,"[16, 14, 0, 11, 5, 1, 4, 18, 7, 6, 9, 12, 20, 19, 3, 10, 15, 8, 17, 2, 13]",False,146
22:07:14 06/12/2020,665,2482,"[16, 14, 0, 11, 5, 1, 4, 18, 7, 6, 9, 12, 20, 19, 3, 10, 15, 8, 17, 2, 13]",False,147
22:07:14 06/12/2020,666,2482,"[16, 14, 0, 11, 5, 1, 4, 18, 7, 6, 9, 12, 20, 19, 3, 10, 15, 8, 17, 2, 13]",True,148
22:07:14 06/12/2020,667,2482,"[16, 14, 0, 11, 5, 1, 4, 18, 7, 6, 9, 12, 20, 19, 3, 10, 15, 8, 17, 2, 13]",False,149
22:07:14 06/12/2020,668,2482,"[16, 14, 0, 11, 5, 1, 4, 18, 7, 6, 9, 12, 20, 19, 3, 10, 15, 8, 17, 2, 13]",False,150
