Time,Iteration loop,Iteration,Fitness,Assignment,Local search,Similarity counter
22:40:10 28/12/2020,1,71,3228174,"[1, 14, 35, 9, 10, 55, 37, 59, 15, 30, 8, 27, 58, 48, 11, 41, 26, 57, 34, 32, 0, 25, 38, 22, 43, 6, 50, 45, 46, 19, 3, 39, 29, 33, 31, 7, 16, 4, 24, 20, 5, 42, 40, 17, 21, 28, 2, 51, 12, 44, 13, 47, 54, 23, 52, 18, 53, 56, 36, 49]",True,0
22:40:16 28/12/2020,2,142,3219927,"[3, 45, 43, 41, 4, 58, 56, 9, 23, 0, 36, 31, 50, 57, 18, 14, 10, 17, 26, 54, 53, 47, 48, 33, 49, 46, 13, 40, 12, 7, 2, 24, 37, 38, 22, 6, 30, 25, 55, 5, 59, 15, 35, 21, 52, 11, 19, 16, 27, 20, 29, 51, 1, 8, 39, 34, 42, 44, 28, 32]",True,0
22:40:17 28/12/2020,3,214,3219927,"[3, 45, 43, 41, 4, 58, 56, 9, 23, 0, 36, 31, 50, 57, 18, 14, 10, 17, 26, 54, 53, 47, 48, 33, 49, 46, 13, 40, 12, 7, 2, 24, 37, 38, 22, 6, 30, 25, 55, 5, 59, 15, 35, 21, 52, 11, 19, 16, 27, 20, 29, 51, 1, 8, 39, 34, 42, 44, 28, 32]",False,1
22:40:23 28/12/2020,4,287,3219927,"[3, 45, 43, 41, 4, 58, 56, 9, 23, 0, 36, 31, 50, 57, 18, 14, 10, 17, 26, 54, 53, 47, 48, 33, 49, 46, 13, 40, 12, 7, 2, 24, 37, 38, 22, 6, 30, 25, 55, 5, 59, 15, 35, 21, 52, 11, 19, 16, 27, 20, 29, 51, 1, 8, 39, 34, 42, 44, 28, 32]",True,2
22:40:29 28/12/2020,5,358,3088565,"[21, 18, 32, 17, 49, 50, 51, 31, 6, 2, 3, 34, 9, 46, 56, 59, 26, 27, 42, 53, 33, 14, 13, 5, 47, 22, 30, 10, 58, 8, 45, 12, 38, 28, 40, 25, 4, 55, 1, 52, 35, 43, 19, 44, 39, 7, 24, 36, 0, 16, 15, 48, 54, 37, 23, 57, 41, 29, 11, 20]",True,0
22:40:35 28/12/2020,6,430,3088565,"[21, 18, 32, 17, 49, 50, 51, 31, 6, 2, 3, 34, 9, 46, 56, 59, 26, 27, 42, 53, 33, 14, 13, 5, 47, 22, 30, 10, 58, 8, 45, 12, 38, 28, 40, 25, 4, 55, 1, 52, 35, 43, 19, 44, 39, 7, 24, 36, 0, 16, 15, 48, 54, 37, 23, 57, 41, 29, 11, 20]",True,1
22:40:35 28/12/2020,7,500,3088565,"[21, 18, 32, 17, 49, 50, 51, 31, 6, 2, 3, 34, 9, 46, 56, 59, 26, 27, 42, 53, 33, 14, 13, 5, 47, 22, 30, 10, 58, 8, 45, 12, 38, 28, 40, 25, 4, 55, 1, 52, 35, 43, 19, 44, 39, 7, 24, 36, 0, 16, 15, 48, 54, 37, 23, 57, 41, 29, 11, 20]",False,2
22:40:41 28/12/2020,8,572,3068070,"[53, 0, 20, 14, 50, 36, 21, 51, 43, 22, 9, 47, 11, 23, 41, 40, 8, 12, 31, 57, 5, 1, 13, 18, 56, 42, 32, 49, 6, 44, 33, 17, 3, 46, 30, 24, 25, 15, 39, 4, 34, 29, 52, 58, 26, 45, 28, 27, 59, 2, 54, 16, 7, 38, 48, 19, 35, 37, 55, 10]",True,0
22:40:47 28/12/2020,9,644,3068070,"[53, 0, 20, 14, 50, 36, 21, 51, 43, 22, 9, 47, 11, 23, 41, 40, 8, 12, 31, 57, 5, 1, 13, 18, 56, 42, 32, 49, 6, 44, 33, 17, 3, 46, 30, 24, 25, 15, 39, 4, 34, 29, 52, 58, 26, 45, 28, 27, 59, 2, 54, 16, 7, 38, 48, 19, 35, 37, 55, 10]",True,1
22:40:53 28/12/2020,10,716,3064509,"[17, 51, 27, 0, 43, 39, 22, 26, 19, 18, 36, 37, 24, 9, 3, 53, 42, 15, 30, 49, 29, 4, 11, 2, 33, 7, 8, 34, 58, 47, 57, 52, 31, 32, 41, 56, 45, 20, 5, 59, 13, 50, 28, 14, 12, 10, 38, 55, 21, 23, 48, 35, 46, 54, 44, 25, 6, 16, 1, 40]",True,0
22:40:59 28/12/2020,11,784,3038200,"[17, 51, 27, 0, 43, 39, 22, 26, 19, 18, 36, 37, 24, 9, 3, 53, 42, 15, 30, 49, 29, 4, 11, 2, 33, 7, 8, 34, 58, 47, 57, 52, 31, 32, 41, 56, 45, 20, 5, 59, 13, 50, 28, 14, 12, 10, 38, 55, 21, 23, 48, 35, 46, 54, 44, 25, 6, 16, 1, 40]",True,0
22:41:05 28/12/2020,12,854,3038200,"[17, 51, 27, 0, 43, 39, 22, 26, 19, 18, 36, 37, 24, 9, 3, 53, 42, 15, 30, 49, 29, 4, 11, 2, 33, 7, 8, 34, 58, 47, 57, 52, 31, 32, 41, 56, 45, 20, 5, 59, 13, 50, 28, 14, 12, 10, 38, 55, 21, 23, 48, 35, 46, 54, 44, 25, 6, 16, 1, 40]",True,1
22:41:12 28/12/2020,13,925,3038200,"[17, 51, 27, 0, 43, 39, 22, 26, 19, 18, 36, 37, 24, 9, 3, 53, 42, 15, 30, 49, 29, 4, 11, 2, 33, 7, 8, 34, 58, 47, 57, 52, 31, 32, 41, 56, 45, 20, 5, 59, 13, 50, 28, 14, 12, 10, 38, 55, 21, 23, 48, 35, 46, 54, 44, 25, 6, 16, 1, 40]",True,2
22:41:18 28/12/2020,14,996,3038200,"[17, 51, 27, 0, 43, 39, 22, 26, 19, 18, 36, 37, 24, 9, 3, 53, 42, 15, 30, 49, 29, 4, 11, 2, 33, 7, 8, 34, 58, 47, 57, 52, 31, 32, 41, 56, 45, 20, 5, 59, 13, 50, 28, 14, 12, 10, 38, 55, 21, 23, 48, 35, 46, 54, 44, 25, 6, 16, 1, 40]",True,3
22:41:24 28/12/2020,15,1066,3038200,"[17, 51, 27, 0, 43, 39, 22, 26, 19, 18, 36, 37, 24, 9, 3, 53, 42, 15, 30, 49, 29, 4, 11, 2, 33, 7, 8, 34, 58, 47, 57, 52, 31, 32, 41, 56, 45, 20, 5, 59, 13, 50, 28, 14, 12, 10, 38, 55, 21, 23, 48, 35, 46, 54, 44, 25, 6, 16, 1, 40]",True,4
22:41:30 28/12/2020,16,1139,3038200,"[17, 51, 27, 0, 43, 39, 22, 26, 19, 18, 36, 37, 24, 9, 3, 53, 42, 15, 30, 49, 29, 4, 11, 2, 33, 7, 8, 34, 58, 47, 57, 52, 31, 32, 41, 56, 45, 20, 5, 59, 13, 50, 28, 14, 12, 10, 38, 55, 21, 23, 48, 35, 46, 54, 44, 25, 6, 16, 1, 40]",True,5
22:41:30 28/12/2020,17,1209,3038200,"[17, 51, 27, 0, 43, 39, 22, 26, 19, 18, 36, 37, 24, 9, 3, 53, 42, 15, 30, 49, 29, 4, 11, 2, 33, 7, 8, 34, 58, 47, 57, 52, 31, 32, 41, 56, 45, 20, 5, 59, 13, 50, 28, 14, 12, 10, 38, 55, 21, 23, 48, 35, 46, 54, 44, 25, 6, 16, 1, 40]",False,6
22:41:31 28/12/2020,18,1281,3038200,"[17, 51, 27, 0, 43, 39, 22, 26, 19, 18, 36, 37, 24, 9, 3, 53, 42, 15, 30, 49, 29, 4, 11, 2, 33, 7, 8, 34, 58, 47, 57, 52, 31, 32, 41, 56, 45, 20, 5, 59, 13, 50, 28, 14, 12, 10, 38, 55, 21, 23, 48, 35, 46, 54, 44, 25, 6, 16, 1, 40]",False,7
22:41:37 28/12/2020,19,1354,3038200,"[17, 51, 27, 0, 43, 39, 22, 26, 19, 18, 36, 37, 24, 9, 3, 53, 42, 15, 30, 49, 29, 4, 11, 2, 33, 7, 8, 34, 58, 47, 57, 52, 31, 32, 41, 56, 45, 20, 5, 59, 13, 50, 28, 14, 12, 10, 38, 55, 21, 23, 48, 35, 46, 54, 44, 25, 6, 16, 1, 40]",True,8
22:41:44 28/12/2020,20,1427,3038200,"[17, 51, 27, 0, 43, 39, 22, 26, 19, 18, 36, 37, 24, 9, 3, 53, 42, 15, 30, 49, 29, 4, 11, 2, 33, 7, 8, 34, 58, 47, 57, 52, 31, 32, 41, 56, 45, 20, 5, 59, 13, 50, 28, 14, 12, 10, 38, 55, 21, 23, 48, 35, 46, 54, 44, 25, 6, 16, 1, 40]",True,9
22:41:44 28/12/2020,21,1497,3038200,"[17, 51, 27, 0, 43, 39, 22, 26, 19, 18, 36, 37, 24, 9, 3, 53, 42, 15, 30, 49, 29, 4, 11, 2, 33, 7, 8, 34, 58, 47, 57, 52, 31, 32, 41, 56, 45, 20, 5, 59, 13, 50, 28, 14, 12, 10, 38, 55, 21, 23, 48, 35, 46, 54, 44, 25, 6, 16, 1, 40]",False,10
22:41:44 28/12/2020,22,1567,3038200,"[17, 51, 27, 0, 43, 39, 22, 26, 19, 18, 36, 37, 24, 9, 3, 53, 42, 15, 30, 49, 29, 4, 11, 2, 33, 7, 8, 34, 58, 47, 57, 52, 31, 32, 41, 56, 45, 20, 5, 59, 13, 50, 28, 14, 12, 10, 38, 55, 21, 23, 48, 35, 46, 54, 44, 25, 6, 16, 1, 40]",False,11
22:41:51 28/12/2020,23,1636,3038200,"[17, 51, 27, 0, 43, 39, 22, 26, 19, 18, 36, 37, 24, 9, 3, 53, 42, 15, 30, 49, 29, 4, 11, 2, 33, 7, 8, 34, 58, 47, 57, 52, 31, 32, 41, 56, 45, 20, 5, 59, 13, 50, 28, 14, 12, 10, 38, 55, 21, 23, 48, 35, 46, 54, 44, 25, 6, 16, 1, 40]",True,12
22:41:57 28/12/2020,24,1706,3038200,"[17, 51, 27, 0, 43, 39, 22, 26, 19, 18, 36, 37, 24, 9, 3, 53, 42, 15, 30, 49, 29, 4, 11, 2, 33, 7, 8, 34, 58, 47, 57, 52, 31, 32, 41, 56, 45, 20, 5, 59, 13, 50, 28, 14, 12, 10, 38, 55, 21, 23, 48, 35, 46, 54, 44, 25, 6, 16, 1, 40]",True,13
22:42:03 28/12/2020,25,1778,3038200,"[17, 51, 27, 0, 43, 39, 22, 26, 19, 18, 36, 37, 24, 9, 3, 53, 42, 15, 30, 49, 29, 4, 11, 2, 33, 7, 8, 34, 58, 47, 57, 52, 31, 32, 41, 56, 45, 20, 5, 59, 13, 50, 28, 14, 12, 10, 38, 55, 21, 23, 48, 35, 46, 54, 44, 25, 6, 16, 1, 40]",True,14
22:42:03 28/12/2020,26,1847,3038200,"[17, 51, 27, 0, 43, 39, 22, 26, 19, 18, 36, 37, 24, 9, 3, 53, 42, 15, 30, 49, 29, 4, 11, 2, 33, 7, 8, 34, 58, 47, 57, 52, 31, 32, 41, 56, 45, 20, 5, 59, 13, 50, 28, 14, 12, 10, 38, 55, 21, 23, 48, 35, 46, 54, 44, 25, 6, 16, 1, 40]",False,15
22:42:09 28/12/2020,27,1919,3038200,"[17, 51, 27, 0, 43, 39, 22, 26, 19, 18, 36, 37, 24, 9, 3, 53, 42, 15, 30, 49, 29, 4, 11, 2, 33, 7, 8, 34, 58, 47, 57, 52, 31, 32, 41, 56, 45, 20, 5, 59, 13, 50, 28, 14, 12, 10, 38, 55, 21, 23, 48, 35, 46, 54, 44, 25, 6, 16, 1, 40]",True,16
22:42:16 28/12/2020,28,1990,3038200,"[17, 51, 27, 0, 43, 39, 22, 26, 19, 18, 36, 37, 24, 9, 3, 53, 42, 15, 30, 49, 29, 4, 11, 2, 33, 7, 8, 34, 58, 47, 57, 52, 31, 32, 41, 56, 45, 20, 5, 59, 13, 50, 28, 14, 12, 10, 38, 55, 21, 23, 48, 35, 46, 54, 44, 25, 6, 16, 1, 40]",True,17
22:42:23 28/12/2020,29,2061,3038200,"[17, 51, 27, 0, 43, 39, 22, 26, 19, 18, 36, 37, 24, 9, 3, 53, 42, 15, 30, 49, 29, 4, 11, 2, 33, 7, 8, 34, 58, 47, 57, 52, 31, 32, 41, 56, 45, 20, 5, 59, 13, 50, 28, 14, 12, 10, 38, 55, 21, 23, 48, 35, 46, 54, 44, 25, 6, 16, 1, 40]",True,18
22:42:29 28/12/2020,30,2133,3038200,"[17, 51, 27, 0, 43, 39, 22, 26, 19, 18, 36, 37, 24, 9, 3, 53, 42, 15, 30, 49, 29, 4, 11, 2, 33, 7, 8, 34, 58, 47, 57, 52, 31, 32, 41, 56, 45, 20, 5, 59, 13, 50, 28, 14, 12, 10, 38, 55, 21, 23, 48, 35, 46, 54, 44, 25, 6, 16, 1, 40]",True,19
22:42:29 28/12/2020,31,2204,3038200,"[17, 51, 27, 0, 43, 39, 22, 26, 19, 18, 36, 37, 24, 9, 3, 53, 42, 15, 30, 49, 29, 4, 11, 2, 33, 7, 8, 34, 58, 47, 57, 52, 31, 32, 41, 56, 45, 20, 5, 59, 13, 50, 28, 14, 12, 10, 38, 55, 21, 23, 48, 35, 46, 54, 44, 25, 6, 16, 1, 40]",False,20
22:42:35 28/12/2020,32,2275,3038200,"[17, 51, 27, 0, 43, 39, 22, 26, 19, 18, 36, 37, 24, 9, 3, 53, 42, 15, 30, 49, 29, 4, 11, 2, 33, 7, 8, 34, 58, 47, 57, 52, 31, 32, 41, 56, 45, 20, 5, 59, 13, 50, 28, 14, 12, 10, 38, 55, 21, 23, 48, 35, 46, 54, 44, 25, 6, 16, 1, 40]",True,21
22:42:41 28/12/2020,33,2347,3038200,"[17, 51, 27, 0, 43, 39, 22, 26, 19, 18, 36, 37, 24, 9, 3, 53, 42, 15, 30, 49, 29, 4, 11, 2, 33, 7, 8, 34, 58, 47, 57, 52, 31, 32, 41, 56, 45, 20, 5, 59, 13, 50, 28, 14, 12, 10, 38, 55, 21, 23, 48, 35, 46, 54, 44, 25, 6, 16, 1, 40]",True,22
22:42:47 28/12/2020,34,2416,3038200,"[17, 51, 27, 0, 43, 39, 22, 26, 19, 18, 36, 37, 24, 9, 3, 53, 42, 15, 30, 49, 29, 4, 11, 2, 33, 7, 8, 34, 58, 47, 57, 52, 31, 32, 41, 56, 45, 20, 5, 59, 13, 50, 28, 14, 12, 10, 38, 55, 21, 23, 48, 35, 46, 54, 44, 25, 6, 16, 1, 40]",True,23
22:42:48 28/12/2020,35,2484,3038200,"[17, 51, 27, 0, 43, 39, 22, 26, 19, 18, 36, 37, 24, 9, 3, 53, 42, 15, 30, 49, 29, 4, 11, 2, 33, 7, 8, 34, 58, 47, 57, 52, 31, 32, 41, 56, 45, 20, 5, 59, 13, 50, 28, 14, 12, 10, 38, 55, 21, 23, 48, 35, 46, 54, 44, 25, 6, 16, 1, 40]",False,24
22:42:48 28/12/2020,36,2556,3038200,"[17, 51, 27, 0, 43, 39, 22, 26, 19, 18, 36, 37, 24, 9, 3, 53, 42, 15, 30, 49, 29, 4, 11, 2, 33, 7, 8, 34, 58, 47, 57, 52, 31, 32, 41, 56, 45, 20, 5, 59, 13, 50, 28, 14, 12, 10, 38, 55, 21, 23, 48, 35, 46, 54, 44, 25, 6, 16, 1, 40]",False,25
22:42:54 28/12/2020,37,2628,3038200,"[17, 51, 27, 0, 43, 39, 22, 26, 19, 18, 36, 37, 24, 9, 3, 53, 42, 15, 30, 49, 29, 4, 11, 2, 33, 7, 8, 34, 58, 47, 57, 52, 31, 32, 41, 56, 45, 20, 5, 59, 13, 50, 28, 14, 12, 10, 38, 55, 21, 23, 48, 35, 46, 54, 44, 25, 6, 16, 1, 40]",True,26
22:43:00 28/12/2020,38,2700,3038200,"[17, 51, 27, 0, 43, 39, 22, 26, 19, 18, 36, 37, 24, 9, 3, 53, 42, 15, 30, 49, 29, 4, 11, 2, 33, 7, 8, 34, 58, 47, 57, 52, 31, 32, 41, 56, 45, 20, 5, 59, 13, 50, 28, 14, 12, 10, 38, 55, 21, 23, 48, 35, 46, 54, 44, 25, 6, 16, 1, 40]",True,27
22:43:06 28/12/2020,39,2770,3038200,"[17, 51, 27, 0, 43, 39, 22, 26, 19, 18, 36, 37, 24, 9, 3, 53, 42, 15, 30, 49, 29, 4, 11, 2, 33, 7, 8, 34, 58, 47, 57, 52, 31, 32, 41, 56, 45, 20, 5, 59, 13, 50, 28, 14, 12, 10, 38, 55, 21, 23, 48, 35, 46, 54, 44, 25, 6, 16, 1, 40]",True,28
22:43:07 28/12/2020,40,2842,3038200,"[17, 51, 27, 0, 43, 39, 22, 26, 19, 18, 36, 37, 24, 9, 3, 53, 42, 15, 30, 49, 29, 4, 11, 2, 33, 7, 8, 34, 58, 47, 57, 52, 31, 32, 41, 56, 45, 20, 5, 59, 13, 50, 28, 14, 12, 10, 38, 55, 21, 23, 48, 35, 46, 54, 44, 25, 6, 16, 1, 40]",False,29
22:43:13 28/12/2020,41,2914,3038200,"[17, 51, 27, 0, 43, 39, 22, 26, 19, 18, 36, 37, 24, 9, 3, 53, 42, 15, 30, 49, 29, 4, 11, 2, 33, 7, 8, 34, 58, 47, 57, 52, 31, 32, 41, 56, 45, 20, 5, 59, 13, 50, 28, 14, 12, 10, 38, 55, 21, 23, 48, 35, 46, 54, 44, 25, 6, 16, 1, 40]",True,30
22:43:19 28/12/2020,42,2986,3038200,"[17, 51, 27, 0, 43, 39, 22, 26, 19, 18, 36, 37, 24, 9, 3, 53, 42, 15, 30, 49, 29, 4, 11, 2, 33, 7, 8, 34, 58, 47, 57, 52, 31, 32, 41, 56, 45, 20, 5, 59, 13, 50, 28, 14, 12, 10, 38, 55, 21, 23, 48, 35, 46, 54, 44, 25, 6, 16, 1, 40]",True,31
22:43:25 28/12/2020,43,3059,3038200,"[17, 51, 27, 0, 43, 39, 22, 26, 19, 18, 36, 37, 24, 9, 3, 53, 42, 15, 30, 49, 29, 4, 11, 2, 33, 7, 8, 34, 58, 47, 57, 52, 31, 32, 41, 56, 45, 20, 5, 59, 13, 50, 28, 14, 12, 10, 38, 55, 21, 23, 48, 35, 46, 54, 44, 25, 6, 16, 1, 40]",True,32
22:43:25 28/12/2020,44,3130,3038200,"[17, 51, 27, 0, 43, 39, 22, 26, 19, 18, 36, 37, 24, 9, 3, 53, 42, 15, 30, 49, 29, 4, 11, 2, 33, 7, 8, 34, 58, 47, 57, 52, 31, 32, 41, 56, 45, 20, 5, 59, 13, 50, 28, 14, 12, 10, 38, 55, 21, 23, 48, 35, 46, 54, 44, 25, 6, 16, 1, 40]",False,33
22:43:31 28/12/2020,45,3199,3037276,"[54, 0, 1, 26, 2, 52, 21, 47, 43, 22, 9, 17, 18, 31, 57, 40, 5, 32, 44, 23, 36, 11, 13, 28, 12, 42, 48, 35, 7, 20, 33, 38, 3, 14, 30, 24, 41, 15, 53, 4, 34, 29, 6, 58, 51, 45, 25, 27, 59, 50, 8, 16, 46, 49, 56, 19, 39, 37, 55, 10]",True,0
22:43:32 28/12/2020,46,3270,3037276,"[54, 0, 1, 26, 2, 52, 21, 47, 43, 22, 9, 17, 18, 31, 57, 40, 5, 32, 44, 23, 36, 11, 13, 28, 12, 42, 48, 35, 7, 20, 33, 38, 3, 14, 30, 24, 41, 15, 53, 4, 34, 29, 6, 58, 51, 45, 25, 27, 59, 50, 8, 16, 46, 49, 56, 19, 39, 37, 55, 10]",False,1
22:43:32 28/12/2020,47,3341,3037276,"[54, 0, 1, 26, 2, 52, 21, 47, 43, 22, 9, 17, 18, 31, 57, 40, 5, 32, 44, 23, 36, 11, 13, 28, 12, 42, 48, 35, 7, 20, 33, 38, 3, 14, 30, 24, 41, 15, 53, 4, 34, 29, 6, 58, 51, 45, 25, 27, 59, 50, 8, 16, 46, 49, 56, 19, 39, 37, 55, 10]",False,2
22:43:33 28/12/2020,48,3409,3037276,"[54, 0, 1, 26, 2, 52, 21, 47, 43, 22, 9, 17, 18, 31, 57, 40, 5, 32, 44, 23, 36, 11, 13, 28, 12, 42, 48, 35, 7, 20, 33, 38, 3, 14, 30, 24, 41, 15, 53, 4, 34, 29, 6, 58, 51, 45, 25, 27, 59, 50, 8, 16, 46, 49, 56, 19, 39, 37, 55, 10]",False,3
22:43:39 28/12/2020,49,3480,3037276,"[54, 0, 1, 26, 2, 52, 21, 47, 43, 22, 9, 17, 18, 31, 57, 40, 5, 32, 44, 23, 36, 11, 13, 28, 12, 42, 48, 35, 7, 20, 33, 38, 3, 14, 30, 24, 41, 15, 53, 4, 34, 29, 6, 58, 51, 45, 25, 27, 59, 50, 8, 16, 46, 49, 56, 19, 39, 37, 55, 10]",True,4
22:43:45 28/12/2020,50,3551,3037276,"[54, 0, 1, 26, 2, 52, 21, 47, 43, 22, 9, 17, 18, 31, 57, 40, 5, 32, 44, 23, 36, 11, 13, 28, 12, 42, 48, 35, 7, 20, 33, 38, 3, 14, 30, 24, 41, 15, 53, 4, 34, 29, 6, 58, 51, 45, 25, 27, 59, 50, 8, 16, 46, 49, 56, 19, 39, 37, 55, 10]",True,5
22:43:45 28/12/2020,51,3623,3037276,"[54, 0, 1, 26, 2, 52, 21, 47, 43, 22, 9, 17, 18, 31, 57, 40, 5, 32, 44, 23, 36, 11, 13, 28, 12, 42, 48, 35, 7, 20, 33, 38, 3, 14, 30, 24, 41, 15, 53, 4, 34, 29, 6, 58, 51, 45, 25, 27, 59, 50, 8, 16, 46, 49, 56, 19, 39, 37, 55, 10]",False,6
22:43:46 28/12/2020,52,3694,3037276,"[54, 0, 1, 26, 2, 52, 21, 47, 43, 22, 9, 17, 18, 31, 57, 40, 5, 32, 44, 23, 36, 11, 13, 28, 12, 42, 48, 35, 7, 20, 33, 38, 3, 14, 30, 24, 41, 15, 53, 4, 34, 29, 6, 58, 51, 45, 25, 27, 59, 50, 8, 16, 46, 49, 56, 19, 39, 37, 55, 10]",False,7
22:43:46 28/12/2020,53,3765,3037276,"[54, 0, 1, 26, 2, 52, 21, 47, 43, 22, 9, 17, 18, 31, 57, 40, 5, 32, 44, 23, 36, 11, 13, 28, 12, 42, 48, 35, 7, 20, 33, 38, 3, 14, 30, 24, 41, 15, 53, 4, 34, 29, 6, 58, 51, 45, 25, 27, 59, 50, 8, 16, 46, 49, 56, 19, 39, 37, 55, 10]",False,8
22:43:52 28/12/2020,54,3837,3037276,"[54, 0, 1, 26, 2, 52, 21, 47, 43, 22, 9, 17, 18, 31, 57, 40, 5, 32, 44, 23, 36, 11, 13, 28, 12, 42, 48, 35, 7, 20, 33, 38, 3, 14, 30, 24, 41, 15, 53, 4, 34, 29, 6, 58, 51, 45, 25, 27, 59, 50, 8, 16, 46, 49, 56, 19, 39, 37, 55, 10]",True,9
22:43:58 28/12/2020,55,3910,3037276,"[54, 0, 1, 26, 2, 52, 21, 47, 43, 22, 9, 17, 18, 31, 57, 40, 5, 32, 44, 23, 36, 11, 13, 28, 12, 42, 48, 35, 7, 20, 33, 38, 3, 14, 30, 24, 41, 15, 53, 4, 34, 29, 6, 58, 51, 45, 25, 27, 59, 50, 8, 16, 46, 49, 56, 19, 39, 37, 55, 10]",True,10
22:44:04 28/12/2020,56,3982,3037276,"[54, 0, 1, 26, 2, 52, 21, 47, 43, 22, 9, 17, 18, 31, 57, 40, 5, 32, 44, 23, 36, 11, 13, 28, 12, 42, 48, 35, 7, 20, 33, 38, 3, 14, 30, 24, 41, 15, 53, 4, 34, 29, 6, 58, 51, 45, 25, 27, 59, 50, 8, 16, 46, 49, 56, 19, 39, 37, 55, 10]",True,11
22:44:05 28/12/2020,57,4048,3037276,"[54, 0, 1, 26, 2, 52, 21, 47, 43, 22, 9, 17, 18, 31, 57, 40, 5, 32, 44, 23, 36, 11, 13, 28, 12, 42, 48, 35, 7, 20, 33, 38, 3, 14, 30, 24, 41, 15, 53, 4, 34, 29, 6, 58, 51, 45, 25, 27, 59, 50, 8, 16, 46, 49, 56, 19, 39, 37, 55, 10]",False,12
22:44:05 28/12/2020,58,4120,3037276,"[54, 0, 1, 26, 2, 52, 21, 47, 43, 22, 9, 17, 18, 31, 57, 40, 5, 32, 44, 23, 36, 11, 13, 28, 12, 42, 48, 35, 7, 20, 33, 38, 3, 14, 30, 24, 41, 15, 53, 4, 34, 29, 6, 58, 51, 45, 25, 27, 59, 50, 8, 16, 46, 49, 56, 19, 39, 37, 55, 10]",False,13
22:44:05 28/12/2020,59,4191,3037276,"[54, 0, 1, 26, 2, 52, 21, 47, 43, 22, 9, 17, 18, 31, 57, 40, 5, 32, 44, 23, 36, 11, 13, 28, 12, 42, 48, 35, 7, 20, 33, 38, 3, 14, 30, 24, 41, 15, 53, 4, 34, 29, 6, 58, 51, 45, 25, 27, 59, 50, 8, 16, 46, 49, 56, 19, 39, 37, 55, 10]",False,14
22:44:12 28/12/2020,60,4263,3037276,"[54, 0, 1, 26, 2, 52, 21, 47, 43, 22, 9, 17, 18, 31, 57, 40, 5, 32, 44, 23, 36, 11, 13, 28, 12, 42, 48, 35, 7, 20, 33, 38, 3, 14, 30, 24, 41, 15, 53, 4, 34, 29, 6, 58, 51, 45, 25, 27, 59, 50, 8, 16, 46, 49, 56, 19, 39, 37, 55, 10]",True,15
22:44:18 28/12/2020,61,4335,3031952,"[22, 28, 23, 26, 37, 52, 21, 47, 43, 5, 9, 1, 16, 59, 2, 40, 46, 32, 31, 11, 36, 56, 13, 19, 12, 0, 38, 35, 6, 20, 29, 17, 3, 57, 39, 27, 25, 15, 30, 33, 34, 4, 14, 58, 51, 45, 53, 24, 42, 44, 8, 18, 7, 48, 50, 49, 54, 41, 55, 10]",True,0
22:44:24 28/12/2020,62,4406,3031952,"[22, 28, 23, 26, 37, 52, 21, 47, 43, 5, 9, 1, 16, 59, 2, 40, 46, 32, 31, 11, 36, 56, 13, 19, 12, 0, 38, 35, 6, 20, 29, 17, 3, 57, 39, 27, 25, 15, 30, 33, 34, 4, 14, 58, 51, 45, 53, 24, 42, 44, 8, 18, 7, 48, 50, 49, 54, 41, 55, 10]",True,1
22:44:30 28/12/2020,63,4477,3031952,"[22, 28, 23, 26, 37, 52, 21, 47, 43, 5, 9, 1, 16, 59, 2, 40, 46, 32, 31, 11, 36, 56, 13, 19, 12, 0, 38, 35, 6, 20, 29, 17, 3, 57, 39, 27, 25, 15, 30, 33, 34, 4, 14, 58, 51, 45, 53, 24, 42, 44, 8, 18, 7, 48, 50, 49, 54, 41, 55, 10]",True,2
22:44:37 28/12/2020,64,4549,3031952,"[22, 28, 23, 26, 37, 52, 21, 47, 43, 5, 9, 1, 16, 59, 2, 40, 46, 32, 31, 11, 36, 56, 13, 19, 12, 0, 38, 35, 6, 20, 29, 17, 3, 57, 39, 27, 25, 15, 30, 33, 34, 4, 14, 58, 51, 45, 53, 24, 42, 44, 8, 18, 7, 48, 50, 49, 54, 41, 55, 10]",True,3
22:44:43 28/12/2020,65,4621,3031952,"[22, 28, 23, 26, 37, 52, 21, 47, 43, 5, 9, 1, 16, 59, 2, 40, 46, 32, 31, 11, 36, 56, 13, 19, 12, 0, 38, 35, 6, 20, 29, 17, 3, 57, 39, 27, 25, 15, 30, 33, 34, 4, 14, 58, 51, 45, 53, 24, 42, 44, 8, 18, 7, 48, 50, 49, 54, 41, 55, 10]",True,4
22:44:49 28/12/2020,66,4691,3031952,"[22, 28, 23, 26, 37, 52, 21, 47, 43, 5, 9, 1, 16, 59, 2, 40, 46, 32, 31, 11, 36, 56, 13, 19, 12, 0, 38, 35, 6, 20, 29, 17, 3, 57, 39, 27, 25, 15, 30, 33, 34, 4, 14, 58, 51, 45, 53, 24, 42, 44, 8, 18, 7, 48, 50, 49, 54, 41, 55, 10]",True,5
22:44:55 28/12/2020,67,4761,3031952,"[22, 28, 23, 26, 37, 52, 21, 47, 43, 5, 9, 1, 16, 59, 2, 40, 46, 32, 31, 11, 36, 56, 13, 19, 12, 0, 38, 35, 6, 20, 29, 17, 3, 57, 39, 27, 25, 15, 30, 33, 34, 4, 14, 58, 51, 45, 53, 24, 42, 44, 8, 18, 7, 48, 50, 49, 54, 41, 55, 10]",True,6
22:44:56 28/12/2020,68,4833,3031952,"[22, 28, 23, 26, 37, 52, 21, 47, 43, 5, 9, 1, 16, 59, 2, 40, 46, 32, 31, 11, 36, 56, 13, 19, 12, 0, 38, 35, 6, 20, 29, 17, 3, 57, 39, 27, 25, 15, 30, 33, 34, 4, 14, 58, 51, 45, 53, 24, 42, 44, 8, 18, 7, 48, 50, 49, 54, 41, 55, 10]",False,7
22:44:56 28/12/2020,69,4900,3031952,"[22, 28, 23, 26, 37, 52, 21, 47, 43, 5, 9, 1, 16, 59, 2, 40, 46, 32, 31, 11, 36, 56, 13, 19, 12, 0, 38, 35, 6, 20, 29, 17, 3, 57, 39, 27, 25, 15, 30, 33, 34, 4, 14, 58, 51, 45, 53, 24, 42, 44, 8, 18, 7, 48, 50, 49, 54, 41, 55, 10]",False,8
22:45:02 28/12/2020,70,4972,3031952,"[22, 28, 23, 26, 37, 52, 21, 47, 43, 5, 9, 1, 16, 59, 2, 40, 46, 32, 31, 11, 36, 56, 13, 19, 12, 0, 38, 35, 6, 20, 29, 17, 3, 57, 39, 27, 25, 15, 30, 33, 34, 4, 14, 58, 51, 45, 53, 24, 42, 44, 8, 18, 7, 48, 50, 49, 54, 41, 55, 10]",True,9
22:45:08 28/12/2020,71,5044,3031952,"[22, 28, 23, 26, 37, 52, 21, 47, 43, 5, 9, 1, 16, 59, 2, 40, 46, 32, 31, 11, 36, 56, 13, 19, 12, 0, 38, 35, 6, 20, 29, 17, 3, 57, 39, 27, 25, 15, 30, 33, 34, 4, 14, 58, 51, 45, 53, 24, 42, 44, 8, 18, 7, 48, 50, 49, 54, 41, 55, 10]",True,10
22:45:14 28/12/2020,72,5116,3031952,"[22, 28, 23, 26, 37, 52, 21, 47, 43, 5, 9, 1, 16, 59, 2, 40, 46, 32, 31, 11, 36, 56, 13, 19, 12, 0, 38, 35, 6, 20, 29, 17, 3, 57, 39, 27, 25, 15, 30, 33, 34, 4, 14, 58, 51, 45, 53, 24, 42, 44, 8, 18, 7, 48, 50, 49, 54, 41, 55, 10]",True,11
22:45:21 28/12/2020,73,5184,3031952,"[22, 28, 23, 26, 37, 52, 21, 47, 43, 5, 9, 1, 16, 59, 2, 40, 46, 32, 31, 11, 36, 56, 13, 19, 12, 0, 38, 35, 6, 20, 29, 17, 3, 57, 39, 27, 25, 15, 30, 33, 34, 4, 14, 58, 51, 45, 53, 24, 42, 44, 8, 18, 7, 48, 50, 49, 54, 41, 55, 10]",True,12
22:45:27 28/12/2020,74,5256,3031755,"[19, 6, 35, 26, 22, 52, 21, 47, 23, 54, 9, 1, 18, 59, 2, 40, 5, 32, 31, 11, 36, 56, 13, 41, 12, 43, 38, 29, 28, 20, 4, 17, 3, 57, 39, 24, 25, 15, 30, 33, 34, 37, 14, 58, 51, 45, 53, 0, 42, 44, 8, 16, 7, 48, 50, 49, 27, 46, 55, 10]",True,0
22:45:27 28/12/2020,75,5327,3031755,"[19, 6, 35, 26, 22, 52, 21, 47, 23, 54, 9, 1, 18, 59, 2, 40, 5, 32, 31, 11, 36, 56, 13, 41, 12, 43, 38, 29, 28, 20, 4, 17, 3, 57, 39, 24, 25, 15, 30, 33, 34, 37, 14, 58, 51, 45, 53, 0, 42, 44, 8, 16, 7, 48, 50, 49, 27, 46, 55, 10]",False,1
22:45:28 28/12/2020,76,5395,3031755,"[19, 6, 35, 26, 22, 52, 21, 47, 23, 54, 9, 1, 18, 59, 2, 40, 5, 32, 31, 11, 36, 56, 13, 41, 12, 43, 38, 29, 28, 20, 4, 17, 3, 57, 39, 24, 25, 15, 30, 33, 34, 37, 14, 58, 51, 45, 53, 0, 42, 44, 8, 16, 7, 48, 50, 49, 27, 46, 55, 10]",False,2
22:45:28 28/12/2020,77,5465,3031755,"[19, 6, 35, 26, 22, 52, 21, 47, 23, 54, 9, 1, 18, 59, 2, 40, 5, 32, 31, 11, 36, 56, 13, 41, 12, 43, 38, 29, 28, 20, 4, 17, 3, 57, 39, 24, 25, 15, 30, 33, 34, 37, 14, 58, 51, 45, 53, 0, 42, 44, 8, 16, 7, 48, 50, 49, 27, 46, 55, 10]",False,3
22:45:34 28/12/2020,78,5535,3031755,"[19, 6, 35, 26, 22, 52, 21, 47, 23, 54, 9, 1, 18, 59, 2, 40, 5, 32, 31, 11, 36, 56, 13, 41, 12, 43, 38, 29, 28, 20, 4, 17, 3, 57, 39, 24, 25, 15, 30, 33, 34, 37, 14, 58, 51, 45, 53, 0, 42, 44, 8, 16, 7, 48, 50, 49, 27, 46, 55, 10]",True,4
22:45:40 28/12/2020,79,5606,3031755,"[19, 6, 35, 26, 22, 52, 21, 47, 23, 54, 9, 1, 18, 59, 2, 40, 5, 32, 31, 11, 36, 56, 13, 41, 12, 43, 38, 29, 28, 20, 4, 17, 3, 57, 39, 24, 25, 15, 30, 33, 34, 37, 14, 58, 51, 45, 53, 0, 42, 44, 8, 16, 7, 48, 50, 49, 27, 46, 55, 10]",True,5
22:45:41 28/12/2020,80,5678,3031755,"[19, 6, 35, 26, 22, 52, 21, 47, 23, 54, 9, 1, 18, 59, 2, 40, 5, 32, 31, 11, 36, 56, 13, 41, 12, 43, 38, 29, 28, 20, 4, 17, 3, 57, 39, 24, 25, 15, 30, 33, 34, 37, 14, 58, 51, 45, 53, 0, 42, 44, 8, 16, 7, 48, 50, 49, 27, 46, 55, 10]",False,6
22:45:41 28/12/2020,81,5747,3031755,"[19, 6, 35, 26, 22, 52, 21, 47, 23, 54, 9, 1, 18, 59, 2, 40, 5, 32, 31, 11, 36, 56, 13, 41, 12, 43, 38, 29, 28, 20, 4, 17, 3, 57, 39, 24, 25, 15, 30, 33, 34, 37, 14, 58, 51, 45, 53, 0, 42, 44, 8, 16, 7, 48, 50, 49, 27, 46, 55, 10]",False,7
22:45:42 28/12/2020,82,5815,3031755,"[19, 6, 35, 26, 22, 52, 21, 47, 23, 54, 9, 1, 18, 59, 2, 40, 5, 32, 31, 11, 36, 56, 13, 41, 12, 43, 38, 29, 28, 20, 4, 17, 3, 57, 39, 24, 25, 15, 30, 33, 34, 37, 14, 58, 51, 45, 53, 0, 42, 44, 8, 16, 7, 48, 50, 49, 27, 46, 55, 10]",False,8
22:45:42 28/12/2020,83,5887,3031755,"[19, 6, 35, 26, 22, 52, 21, 47, 23, 54, 9, 1, 18, 59, 2, 40, 5, 32, 31, 11, 36, 56, 13, 41, 12, 43, 38, 29, 28, 20, 4, 17, 3, 57, 39, 24, 25, 15, 30, 33, 34, 37, 14, 58, 51, 45, 53, 0, 42, 44, 8, 16, 7, 48, 50, 49, 27, 46, 55, 10]",False,9
22:45:48 28/12/2020,84,5960,3031755,"[19, 6, 35, 26, 22, 52, 21, 47, 23, 54, 9, 1, 18, 59, 2, 40, 5, 32, 31, 11, 36, 56, 13, 41, 12, 43, 38, 29, 28, 20, 4, 17, 3, 57, 39, 24, 25, 15, 30, 33, 34, 37, 14, 58, 51, 45, 53, 0, 42, 44, 8, 16, 7, 48, 50, 49, 27, 46, 55, 10]",True,10
22:45:54 28/12/2020,85,6031,3031755,"[19, 6, 35, 26, 22, 52, 21, 47, 23, 54, 9, 1, 18, 59, 2, 40, 5, 32, 31, 11, 36, 56, 13, 41, 12, 43, 38, 29, 28, 20, 4, 17, 3, 57, 39, 24, 25, 15, 30, 33, 34, 37, 14, 58, 51, 45, 53, 0, 42, 44, 8, 16, 7, 48, 50, 49, 27, 46, 55, 10]",True,11
22:46:00 28/12/2020,86,6103,3028000,"[4, 15, 54, 19, 42, 11, 10, 34, 27, 36, 51, 6, 59, 38, 9, 2, 49, 43, 16, 58, 35, 24, 7, 30, 46, 44, 25, 57, 23, 52, 45, 56, 40, 5, 8, 53, 29, 20, 13, 37, 26, 33, 1, 17, 47, 31, 48, 28, 12, 14, 18, 50, 21, 32, 55, 41, 22, 3, 0, 39]",True,0
22:46:01 28/12/2020,87,6173,3028000,"[4, 15, 54, 19, 42, 11, 10, 34, 27, 36, 51, 6, 59, 38, 9, 2, 49, 43, 16, 58, 35, 24, 7, 30, 46, 44, 25, 57, 23, 52, 45, 56, 40, 5, 8, 53, 29, 20, 13, 37, 26, 33, 1, 17, 47, 31, 48, 28, 12, 14, 18, 50, 21, 32, 55, 41, 22, 3, 0, 39]",False,1
22:46:01 28/12/2020,88,6245,3028000,"[4, 15, 54, 19, 42, 11, 10, 34, 27, 36, 51, 6, 59, 38, 9, 2, 49, 43, 16, 58, 35, 24, 7, 30, 46, 44, 25, 57, 23, 52, 45, 56, 40, 5, 8, 53, 29, 20, 13, 37, 26, 33, 1, 17, 47, 31, 48, 28, 12, 14, 18, 50, 21, 32, 55, 41, 22, 3, 0, 39]",False,2
22:46:01 28/12/2020,89,6314,3028000,"[4, 15, 54, 19, 42, 11, 10, 34, 27, 36, 51, 6, 59, 38, 9, 2, 49, 43, 16, 58, 35, 24, 7, 30, 46, 44, 25, 57, 23, 52, 45, 56, 40, 5, 8, 53, 29, 20, 13, 37, 26, 33, 1, 17, 47, 31, 48, 28, 12, 14, 18, 50, 21, 32, 55, 41, 22, 3, 0, 39]",False,3
22:46:08 28/12/2020,90,6386,3028000,"[4, 15, 54, 19, 42, 11, 10, 34, 27, 36, 51, 6, 59, 38, 9, 2, 49, 43, 16, 58, 35, 24, 7, 30, 46, 44, 25, 57, 23, 52, 45, 56, 40, 5, 8, 53, 29, 20, 13, 37, 26, 33, 1, 17, 47, 31, 48, 28, 12, 14, 18, 50, 21, 32, 55, 41, 22, 3, 0, 39]",True,4
22:46:14 28/12/2020,91,6459,3028000,"[4, 15, 54, 19, 42, 11, 10, 34, 27, 36, 51, 6, 59, 38, 9, 2, 49, 43, 16, 58, 35, 24, 7, 30, 46, 44, 25, 57, 23, 52, 45, 56, 40, 5, 8, 53, 29, 20, 13, 37, 26, 33, 1, 17, 47, 31, 48, 28, 12, 14, 18, 50, 21, 32, 55, 41, 22, 3, 0, 39]",True,5
22:46:20 28/12/2020,92,6531,3028000,"[4, 15, 54, 19, 42, 11, 10, 34, 27, 36, 51, 6, 59, 38, 9, 2, 49, 43, 16, 58, 35, 24, 7, 30, 46, 44, 25, 57, 23, 52, 45, 56, 40, 5, 8, 53, 29, 20, 13, 37, 26, 33, 1, 17, 47, 31, 48, 28, 12, 14, 18, 50, 21, 32, 55, 41, 22, 3, 0, 39]",True,6
22:46:20 28/12/2020,93,6602,3028000,"[4, 15, 54, 19, 42, 11, 10, 34, 27, 36, 51, 6, 59, 38, 9, 2, 49, 43, 16, 58, 35, 24, 7, 30, 46, 44, 25, 57, 23, 52, 45, 56, 40, 5, 8, 53, 29, 20, 13, 37, 26, 33, 1, 17, 47, 31, 48, 28, 12, 14, 18, 50, 21, 32, 55, 41, 22, 3, 0, 39]",False,7
22:46:21 28/12/2020,94,6673,3028000,"[4, 15, 54, 19, 42, 11, 10, 34, 27, 36, 51, 6, 59, 38, 9, 2, 49, 43, 16, 58, 35, 24, 7, 30, 46, 44, 25, 57, 23, 52, 45, 56, 40, 5, 8, 53, 29, 20, 13, 37, 26, 33, 1, 17, 47, 31, 48, 28, 12, 14, 18, 50, 21, 32, 55, 41, 22, 3, 0, 39]",False,8
22:46:27 28/12/2020,95,6744,3028000,"[4, 15, 54, 19, 42, 11, 10, 34, 27, 36, 51, 6, 59, 38, 9, 2, 49, 43, 16, 58, 35, 24, 7, 30, 46, 44, 25, 57, 23, 52, 45, 56, 40, 5, 8, 53, 29, 20, 13, 37, 26, 33, 1, 17, 47, 31, 48, 28, 12, 14, 18, 50, 21, 32, 55, 41, 22, 3, 0, 39]",True,9
22:46:33 28/12/2020,96,6817,3028000,"[4, 15, 54, 19, 42, 11, 10, 34, 27, 36, 51, 6, 59, 38, 9, 2, 49, 43, 16, 58, 35, 24, 7, 30, 46, 44, 25, 57, 23, 52, 45, 56, 40, 5, 8, 53, 29, 20, 13, 37, 26, 33, 1, 17, 47, 31, 48, 28, 12, 14, 18, 50, 21, 32, 55, 41, 22, 3, 0, 39]",True,10
22:46:33 28/12/2020,97,6889,3028000,"[4, 15, 54, 19, 42, 11, 10, 34, 27, 36, 51, 6, 59, 38, 9, 2, 49, 43, 16, 58, 35, 24, 7, 30, 46, 44, 25, 57, 23, 52, 45, 56, 40, 5, 8, 53, 29, 20, 13, 37, 26, 33, 1, 17, 47, 31, 48, 28, 12, 14, 18, 50, 21, 32, 55, 41, 22, 3, 0, 39]",False,11
22:46:34 28/12/2020,98,6960,3028000,"[4, 15, 54, 19, 42, 11, 10, 34, 27, 36, 51, 6, 59, 38, 9, 2, 49, 43, 16, 58, 35, 24, 7, 30, 46, 44, 25, 57, 23, 52, 45, 56, 40, 5, 8, 53, 29, 20, 13, 37, 26, 33, 1, 17, 47, 31, 48, 28, 12, 14, 18, 50, 21, 32, 55, 41, 22, 3, 0, 39]",False,12
22:46:40 28/12/2020,99,7029,3028000,"[4, 15, 54, 19, 42, 11, 10, 34, 27, 36, 51, 6, 59, 38, 9, 2, 49, 43, 16, 58, 35, 24, 7, 30, 46, 44, 25, 57, 23, 52, 45, 56, 40, 5, 8, 53, 29, 20, 13, 37, 26, 33, 1, 17, 47, 31, 48, 28, 12, 14, 18, 50, 21, 32, 55, 41, 22, 3, 0, 39]",True,13
22:46:46 28/12/2020,100,7099,3028000,"[4, 15, 54, 19, 42, 11, 10, 34, 27, 36, 51, 6, 59, 38, 9, 2, 49, 43, 16, 58, 35, 24, 7, 30, 46, 44, 25, 57, 23, 52, 45, 56, 40, 5, 8, 53, 29, 20, 13, 37, 26, 33, 1, 17, 47, 31, 48, 28, 12, 14, 18, 50, 21, 32, 55, 41, 22, 3, 0, 39]",True,14
22:46:46 28/12/2020,101,7171,3028000,"[4, 15, 54, 19, 42, 11, 10, 34, 27, 36, 51, 6, 59, 38, 9, 2, 49, 43, 16, 58, 35, 24, 7, 30, 46, 44, 25, 57, 23, 52, 45, 56, 40, 5, 8, 53, 29, 20, 13, 37, 26, 33, 1, 17, 47, 31, 48, 28, 12, 14, 18, 50, 21, 32, 55, 41, 22, 3, 0, 39]",False,15
22:46:52 28/12/2020,102,7242,3017661,"[33, 15, 34, 19, 42, 11, 10, 7, 27, 36, 28, 6, 44, 38, 9, 2, 14, 43, 16, 12, 35, 24, 22, 30, 46, 31, 25, 57, 56, 52, 58, 23, 51, 5, 8, 53, 29, 20, 13, 37, 26, 4, 1, 40, 47, 45, 48, 17, 54, 49, 18, 50, 21, 32, 55, 41, 59, 3, 0, 39]",True,0
22:46:53 28/12/2020,103,7312,3017661,"[33, 15, 34, 19, 42, 11, 10, 7, 27, 36, 28, 6, 44, 38, 9, 2, 14, 43, 16, 12, 35, 24, 22, 30, 46, 31, 25, 57, 56, 52, 58, 23, 51, 5, 8, 53, 29, 20, 13, 37, 26, 4, 1, 40, 47, 45, 48, 17, 54, 49, 18, 50, 21, 32, 55, 41, 59, 3, 0, 39]",False,1
22:46:53 28/12/2020,104,7381,3017661,"[33, 15, 34, 19, 42, 11, 10, 7, 27, 36, 28, 6, 44, 38, 9, 2, 14, 43, 16, 12, 35, 24, 22, 30, 46, 31, 25, 57, 56, 52, 58, 23, 51, 5, 8, 53, 29, 20, 13, 37, 26, 4, 1, 40, 47, 45, 48, 17, 54, 49, 18, 50, 21, 32, 55, 41, 59, 3, 0, 39]",False,2
22:46:59 28/12/2020,105,7452,3017661,"[33, 15, 34, 19, 42, 11, 10, 7, 27, 36, 28, 6, 44, 38, 9, 2, 14, 43, 16, 12, 35, 24, 22, 30, 46, 31, 25, 57, 56, 52, 58, 23, 51, 5, 8, 53, 29, 20, 13, 37, 26, 4, 1, 40, 47, 45, 48, 17, 54, 49, 18, 50, 21, 32, 55, 41, 59, 3, 0, 39]",True,3
22:47:05 28/12/2020,106,7524,3008710,"[33, 15, 34, 19, 42, 11, 10, 7, 27, 36, 28, 6, 44, 38, 9, 2, 14, 43, 16, 12, 35, 24, 22, 30, 46, 31, 25, 57, 56, 52, 58, 23, 51, 5, 8, 53, 29, 20, 13, 37, 26, 4, 1, 40, 47, 45, 48, 17, 54, 49, 18, 50, 21, 32, 55, 41, 59, 3, 0, 39]",True,0
22:47:06 28/12/2020,107,7596,3008710,"[33, 15, 34, 19, 42, 11, 10, 7, 27, 36, 28, 6, 44, 38, 9, 2, 14, 43, 16, 12, 35, 24, 22, 30, 46, 31, 25, 57, 56, 52, 58, 23, 51, 5, 8, 53, 29, 20, 13, 37, 26, 4, 1, 40, 47, 45, 48, 17, 54, 49, 18, 50, 21, 32, 55, 41, 59, 3, 0, 39]",False,1
22:47:06 28/12/2020,108,7666,3008710,"[33, 15, 34, 19, 42, 11, 10, 7, 27, 36, 28, 6, 44, 38, 9, 2, 14, 43, 16, 12, 35, 24, 22, 30, 46, 31, 25, 57, 56, 52, 58, 23, 51, 5, 8, 53, 29, 20, 13, 37, 26, 4, 1, 40, 47, 45, 48, 17, 54, 49, 18, 50, 21, 32, 55, 41, 59, 3, 0, 39]",False,2
22:47:06 28/12/2020,109,7734,3008710,"[33, 15, 34, 19, 42, 11, 10, 7, 27, 36, 28, 6, 44, 38, 9, 2, 14, 43, 16, 12, 35, 24, 22, 30, 46, 31, 25, 57, 56, 52, 58, 23, 51, 5, 8, 53, 29, 20, 13, 37, 26, 4, 1, 40, 47, 45, 48, 17, 54, 49, 18, 50, 21, 32, 55, 41, 59, 3, 0, 39]",False,3
22:47:07 28/12/2020,110,7806,3008710,"[33, 15, 34, 19, 42, 11, 10, 7, 27, 36, 28, 6, 44, 38, 9, 2, 14, 43, 16, 12, 35, 24, 22, 30, 46, 31, 25, 57, 56, 52, 58, 23, 51, 5, 8, 53, 29, 20, 13, 37, 26, 4, 1, 40, 47, 45, 48, 17, 54, 49, 18, 50, 21, 32, 55, 41, 59, 3, 0, 39]",False,4
22:47:07 28/12/2020,111,7877,3008710,"[33, 15, 34, 19, 42, 11, 10, 7, 27, 36, 28, 6, 44, 38, 9, 2, 14, 43, 16, 12, 35, 24, 22, 30, 46, 31, 25, 57, 56, 52, 58, 23, 51, 5, 8, 53, 29, 20, 13, 37, 26, 4, 1, 40, 47, 45, 48, 17, 54, 49, 18, 50, 21, 32, 55, 41, 59, 3, 0, 39]",False,5
22:47:14 28/12/2020,112,7947,3008710,"[33, 15, 34, 19, 42, 11, 10, 7, 27, 36, 28, 6, 44, 38, 9, 2, 14, 43, 16, 12, 35, 24, 22, 30, 46, 31, 25, 57, 56, 52, 58, 23, 51, 5, 8, 53, 29, 20, 13, 37, 26, 4, 1, 40, 47, 45, 48, 17, 54, 49, 18, 50, 21, 32, 55, 41, 59, 3, 0, 39]",True,6
22:47:20 28/12/2020,113,8019,3008710,"[33, 15, 34, 19, 42, 11, 10, 7, 27, 36, 28, 6, 44, 38, 9, 2, 14, 43, 16, 12, 35, 24, 22, 30, 46, 31, 25, 57, 56, 52, 58, 23, 51, 5, 8, 53, 29, 20, 13, 37, 26, 4, 1, 40, 47, 45, 48, 17, 54, 49, 18, 50, 21, 32, 55, 41, 59, 3, 0, 39]",True,7
22:47:20 28/12/2020,114,8090,3008710,"[33, 15, 34, 19, 42, 11, 10, 7, 27, 36, 28, 6, 44, 38, 9, 2, 14, 43, 16, 12, 35, 24, 22, 30, 46, 31, 25, 57, 56, 52, 58, 23, 51, 5, 8, 53, 29, 20, 13, 37, 26, 4, 1, 40, 47, 45, 48, 17, 54, 49, 18, 50, 21, 32, 55, 41, 59, 3, 0, 39]",False,8
22:47:20 28/12/2020,115,8160,3008710,"[33, 15, 34, 19, 42, 11, 10, 7, 27, 36, 28, 6, 44, 38, 9, 2, 14, 43, 16, 12, 35, 24, 22, 30, 46, 31, 25, 57, 56, 52, 58, 23, 51, 5, 8, 53, 29, 20, 13, 37, 26, 4, 1, 40, 47, 45, 48, 17, 54, 49, 18, 50, 21, 32, 55, 41, 59, 3, 0, 39]",False,9
22:47:27 28/12/2020,116,8229,3008710,"[33, 15, 34, 19, 42, 11, 10, 7, 27, 36, 28, 6, 44, 38, 9, 2, 14, 43, 16, 12, 35, 24, 22, 30, 46, 31, 25, 57, 56, 52, 58, 23, 51, 5, 8, 53, 29, 20, 13, 37, 26, 4, 1, 40, 47, 45, 48, 17, 54, 49, 18, 50, 21, 32, 55, 41, 59, 3, 0, 39]",True,10
22:47:27 28/12/2020,117,8297,3008710,"[33, 15, 34, 19, 42, 11, 10, 7, 27, 36, 28, 6, 44, 38, 9, 2, 14, 43, 16, 12, 35, 24, 22, 30, 46, 31, 25, 57, 56, 52, 58, 23, 51, 5, 8, 53, 29, 20, 13, 37, 26, 4, 1, 40, 47, 45, 48, 17, 54, 49, 18, 50, 21, 32, 55, 41, 59, 3, 0, 39]",False,11
22:47:33 28/12/2020,118,8370,3008710,"[33, 15, 34, 19, 42, 11, 10, 7, 27, 36, 28, 6, 44, 38, 9, 2, 14, 43, 16, 12, 35, 24, 22, 30, 46, 31, 25, 57, 56, 52, 58, 23, 51, 5, 8, 53, 29, 20, 13, 37, 26, 4, 1, 40, 47, 45, 48, 17, 54, 49, 18, 50, 21, 32, 55, 41, 59, 3, 0, 39]",True,12
22:47:33 28/12/2020,119,8441,3008710,"[33, 15, 34, 19, 42, 11, 10, 7, 27, 36, 28, 6, 44, 38, 9, 2, 14, 43, 16, 12, 35, 24, 22, 30, 46, 31, 25, 57, 56, 52, 58, 23, 51, 5, 8, 53, 29, 20, 13, 37, 26, 4, 1, 40, 47, 45, 48, 17, 54, 49, 18, 50, 21, 32, 55, 41, 59, 3, 0, 39]",False,13
22:47:34 28/12/2020,120,8510,3008710,"[33, 15, 34, 19, 42, 11, 10, 7, 27, 36, 28, 6, 44, 38, 9, 2, 14, 43, 16, 12, 35, 24, 22, 30, 46, 31, 25, 57, 56, 52, 58, 23, 51, 5, 8, 53, 29, 20, 13, 37, 26, 4, 1, 40, 47, 45, 48, 17, 54, 49, 18, 50, 21, 32, 55, 41, 59, 3, 0, 39]",False,14
22:47:40 28/12/2020,121,8581,3008710,"[33, 15, 34, 19, 42, 11, 10, 7, 27, 36, 28, 6, 44, 38, 9, 2, 14, 43, 16, 12, 35, 24, 22, 30, 46, 31, 25, 57, 56, 52, 58, 23, 51, 5, 8, 53, 29, 20, 13, 37, 26, 4, 1, 40, 47, 45, 48, 17, 54, 49, 18, 50, 21, 32, 55, 41, 59, 3, 0, 39]",True,15
22:47:40 28/12/2020,122,8653,3008710,"[33, 15, 34, 19, 42, 11, 10, 7, 27, 36, 28, 6, 44, 38, 9, 2, 14, 43, 16, 12, 35, 24, 22, 30, 46, 31, 25, 57, 56, 52, 58, 23, 51, 5, 8, 53, 29, 20, 13, 37, 26, 4, 1, 40, 47, 45, 48, 17, 54, 49, 18, 50, 21, 32, 55, 41, 59, 3, 0, 39]",False,16
22:47:41 28/12/2020,123,8721,3008710,"[33, 15, 34, 19, 42, 11, 10, 7, 27, 36, 28, 6, 44, 38, 9, 2, 14, 43, 16, 12, 35, 24, 22, 30, 46, 31, 25, 57, 56, 52, 58, 23, 51, 5, 8, 53, 29, 20, 13, 37, 26, 4, 1, 40, 47, 45, 48, 17, 54, 49, 18, 50, 21, 32, 55, 41, 59, 3, 0, 39]",False,17
22:47:47 28/12/2020,124,8789,3008710,"[33, 15, 34, 19, 42, 11, 10, 7, 27, 36, 28, 6, 44, 38, 9, 2, 14, 43, 16, 12, 35, 24, 22, 30, 46, 31, 25, 57, 56, 52, 58, 23, 51, 5, 8, 53, 29, 20, 13, 37, 26, 4, 1, 40, 47, 45, 48, 17, 54, 49, 18, 50, 21, 32, 55, 41, 59, 3, 0, 39]",True,18
22:47:53 28/12/2020,125,8860,3008710,"[33, 15, 34, 19, 42, 11, 10, 7, 27, 36, 28, 6, 44, 38, 9, 2, 14, 43, 16, 12, 35, 24, 22, 30, 46, 31, 25, 57, 56, 52, 58, 23, 51, 5, 8, 53, 29, 20, 13, 37, 26, 4, 1, 40, 47, 45, 48, 17, 54, 49, 18, 50, 21, 32, 55, 41, 59, 3, 0, 39]",True,19
22:47:59 28/12/2020,126,8931,3008710,"[33, 15, 34, 19, 42, 11, 10, 7, 27, 36, 28, 6, 44, 38, 9, 2, 14, 43, 16, 12, 35, 24, 22, 30, 46, 31, 25, 57, 56, 52, 58, 23, 51, 5, 8, 53, 29, 20, 13, 37, 26, 4, 1, 40, 47, 45, 48, 17, 54, 49, 18, 50, 21, 32, 55, 41, 59, 3, 0, 39]",True,20
22:47:59 28/12/2020,127,9003,3008710,"[33, 15, 34, 19, 42, 11, 10, 7, 27, 36, 28, 6, 44, 38, 9, 2, 14, 43, 16, 12, 35, 24, 22, 30, 46, 31, 25, 57, 56, 52, 58, 23, 51, 5, 8, 53, 29, 20, 13, 37, 26, 4, 1, 40, 47, 45, 48, 17, 54, 49, 18, 50, 21, 32, 55, 41, 59, 3, 0, 39]",False,21
22:48:00 28/12/2020,128,9075,3008710,"[33, 15, 34, 19, 42, 11, 10, 7, 27, 36, 28, 6, 44, 38, 9, 2, 14, 43, 16, 12, 35, 24, 22, 30, 46, 31, 25, 57, 56, 52, 58, 23, 51, 5, 8, 53, 29, 20, 13, 37, 26, 4, 1, 40, 47, 45, 48, 17, 54, 49, 18, 50, 21, 32, 55, 41, 59, 3, 0, 39]",False,22
22:48:06 28/12/2020,129,9146,3008710,"[33, 15, 34, 19, 42, 11, 10, 7, 27, 36, 28, 6, 44, 38, 9, 2, 14, 43, 16, 12, 35, 24, 22, 30, 46, 31, 25, 57, 56, 52, 58, 23, 51, 5, 8, 53, 29, 20, 13, 37, 26, 4, 1, 40, 47, 45, 48, 17, 54, 49, 18, 50, 21, 32, 55, 41, 59, 3, 0, 39]",True,23
22:48:12 28/12/2020,130,9216,3008710,"[33, 15, 34, 19, 42, 11, 10, 7, 27, 36, 28, 6, 44, 38, 9, 2, 14, 43, 16, 12, 35, 24, 22, 30, 46, 31, 25, 57, 56, 52, 58, 23, 51, 5, 8, 53, 29, 20, 13, 37, 26, 4, 1, 40, 47, 45, 48, 17, 54, 49, 18, 50, 21, 32, 55, 41, 59, 3, 0, 39]",True,24
22:48:18 28/12/2020,131,9288,3008710,"[33, 15, 34, 19, 42, 11, 10, 7, 27, 36, 28, 6, 44, 38, 9, 2, 14, 43, 16, 12, 35, 24, 22, 30, 46, 31, 25, 57, 56, 52, 58, 23, 51, 5, 8, 53, 29, 20, 13, 37, 26, 4, 1, 40, 47, 45, 48, 17, 54, 49, 18, 50, 21, 32, 55, 41, 59, 3, 0, 39]",True,25
22:48:24 28/12/2020,132,9360,3008710,"[33, 15, 34, 19, 42, 11, 10, 7, 27, 36, 28, 6, 44, 38, 9, 2, 14, 43, 16, 12, 35, 24, 22, 30, 46, 31, 25, 57, 56, 52, 58, 23, 51, 5, 8, 53, 29, 20, 13, 37, 26, 4, 1, 40, 47, 45, 48, 17, 54, 49, 18, 50, 21, 32, 55, 41, 59, 3, 0, 39]",True,26
22:48:25 28/12/2020,133,9431,3008710,"[33, 15, 34, 19, 42, 11, 10, 7, 27, 36, 28, 6, 44, 38, 9, 2, 14, 43, 16, 12, 35, 24, 22, 30, 46, 31, 25, 57, 56, 52, 58, 23, 51, 5, 8, 53, 29, 20, 13, 37, 26, 4, 1, 40, 47, 45, 48, 17, 54, 49, 18, 50, 21, 32, 55, 41, 59, 3, 0, 39]",False,27
22:48:25 28/12/2020,134,9502,3008710,"[33, 15, 34, 19, 42, 11, 10, 7, 27, 36, 28, 6, 44, 38, 9, 2, 14, 43, 16, 12, 35, 24, 22, 30, 46, 31, 25, 57, 56, 52, 58, 23, 51, 5, 8, 53, 29, 20, 13, 37, 26, 4, 1, 40, 47, 45, 48, 17, 54, 49, 18, 50, 21, 32, 55, 41, 59, 3, 0, 39]",False,28
22:48:25 28/12/2020,135,9571,3008710,"[33, 15, 34, 19, 42, 11, 10, 7, 27, 36, 28, 6, 44, 38, 9, 2, 14, 43, 16, 12, 35, 24, 22, 30, 46, 31, 25, 57, 56, 52, 58, 23, 51, 5, 8, 53, 29, 20, 13, 37, 26, 4, 1, 40, 47, 45, 48, 17, 54, 49, 18, 50, 21, 32, 55, 41, 59, 3, 0, 39]",False,29
22:48:32 28/12/2020,136,9643,3008710,"[33, 15, 34, 19, 42, 11, 10, 7, 27, 36, 28, 6, 44, 38, 9, 2, 14, 43, 16, 12, 35, 24, 22, 30, 46, 31, 25, 57, 56, 52, 58, 23, 51, 5, 8, 53, 29, 20, 13, 37, 26, 4, 1, 40, 47, 45, 48, 17, 54, 49, 18, 50, 21, 32, 55, 41, 59, 3, 0, 39]",True,30
22:48:38 28/12/2020,137,9714,3008710,"[33, 15, 34, 19, 42, 11, 10, 7, 27, 36, 28, 6, 44, 38, 9, 2, 14, 43, 16, 12, 35, 24, 22, 30, 46, 31, 25, 57, 56, 52, 58, 23, 51, 5, 8, 53, 29, 20, 13, 37, 26, 4, 1, 40, 47, 45, 48, 17, 54, 49, 18, 50, 21, 32, 55, 41, 59, 3, 0, 39]",True,31
22:48:38 28/12/2020,138,9785,3008710,"[33, 15, 34, 19, 42, 11, 10, 7, 27, 36, 28, 6, 44, 38, 9, 2, 14, 43, 16, 12, 35, 24, 22, 30, 46, 31, 25, 57, 56, 52, 58, 23, 51, 5, 8, 53, 29, 20, 13, 37, 26, 4, 1, 40, 47, 45, 48, 17, 54, 49, 18, 50, 21, 32, 55, 41, 59, 3, 0, 39]",False,32
22:48:38 28/12/2020,139,9857,3008710,"[33, 15, 34, 19, 42, 11, 10, 7, 27, 36, 28, 6, 44, 38, 9, 2, 14, 43, 16, 12, 35, 24, 22, 30, 46, 31, 25, 57, 56, 52, 58, 23, 51, 5, 8, 53, 29, 20, 13, 37, 26, 4, 1, 40, 47, 45, 48, 17, 54, 49, 18, 50, 21, 32, 55, 41, 59, 3, 0, 39]",False,33
22:48:44 28/12/2020,140,9927,3008710,"[33, 15, 34, 19, 42, 11, 10, 7, 27, 36, 28, 6, 44, 38, 9, 2, 14, 43, 16, 12, 35, 24, 22, 30, 46, 31, 25, 57, 56, 52, 58, 23, 51, 5, 8, 53, 29, 20, 13, 37, 26, 4, 1, 40, 47, 45, 48, 17, 54, 49, 18, 50, 21, 32, 55, 41, 59, 3, 0, 39]",True,34
22:48:51 28/12/2020,141,9998,3008710,"[33, 15, 34, 19, 42, 11, 10, 7, 27, 36, 28, 6, 44, 38, 9, 2, 14, 43, 16, 12, 35, 24, 22, 30, 46, 31, 25, 57, 56, 52, 58, 23, 51, 5, 8, 53, 29, 20, 13, 37, 26, 4, 1, 40, 47, 45, 48, 17, 54, 49, 18, 50, 21, 32, 55, 41, 59, 3, 0, 39]",True,35
22:48:51 28/12/2020,142,10070,3008710,"[33, 15, 34, 19, 42, 11, 10, 7, 27, 36, 28, 6, 44, 38, 9, 2, 14, 43, 16, 12, 35, 24, 22, 30, 46, 31, 25, 57, 56, 52, 58, 23, 51, 5, 8, 53, 29, 20, 13, 37, 26, 4, 1, 40, 47, 45, 48, 17, 54, 49, 18, 50, 21, 32, 55, 41, 59, 3, 0, 39]",False,36
22:48:57 28/12/2020,143,10140,3008710,"[33, 15, 34, 19, 42, 11, 10, 7, 27, 36, 28, 6, 44, 38, 9, 2, 14, 43, 16, 12, 35, 24, 22, 30, 46, 31, 25, 57, 56, 52, 58, 23, 51, 5, 8, 53, 29, 20, 13, 37, 26, 4, 1, 40, 47, 45, 48, 17, 54, 49, 18, 50, 21, 32, 55, 41, 59, 3, 0, 39]",True,37
22:49:03 28/12/2020,144,10212,3008710,"[33, 15, 34, 19, 42, 11, 10, 7, 27, 36, 28, 6, 44, 38, 9, 2, 14, 43, 16, 12, 35, 24, 22, 30, 46, 31, 25, 57, 56, 52, 58, 23, 51, 5, 8, 53, 29, 20, 13, 37, 26, 4, 1, 40, 47, 45, 48, 17, 54, 49, 18, 50, 21, 32, 55, 41, 59, 3, 0, 39]",True,38
22:49:09 28/12/2020,145,10285,3008710,"[33, 15, 34, 19, 42, 11, 10, 7, 27, 36, 28, 6, 44, 38, 9, 2, 14, 43, 16, 12, 35, 24, 22, 30, 46, 31, 25, 57, 56, 52, 58, 23, 51, 5, 8, 53, 29, 20, 13, 37, 26, 4, 1, 40, 47, 45, 48, 17, 54, 49, 18, 50, 21, 32, 55, 41, 59, 3, 0, 39]",True,39
22:49:10 28/12/2020,146,10353,3008710,"[33, 15, 34, 19, 42, 11, 10, 7, 27, 36, 28, 6, 44, 38, 9, 2, 14, 43, 16, 12, 35, 24, 22, 30, 46, 31, 25, 57, 56, 52, 58, 23, 51, 5, 8, 53, 29, 20, 13, 37, 26, 4, 1, 40, 47, 45, 48, 17, 54, 49, 18, 50, 21, 32, 55, 41, 59, 3, 0, 39]",False,40
22:49:16 28/12/2020,147,10426,3008710,"[33, 15, 34, 19, 42, 11, 10, 7, 27, 36, 28, 6, 44, 38, 9, 2, 14, 43, 16, 12, 35, 24, 22, 30, 46, 31, 25, 57, 56, 52, 58, 23, 51, 5, 8, 53, 29, 20, 13, 37, 26, 4, 1, 40, 47, 45, 48, 17, 54, 49, 18, 50, 21, 32, 55, 41, 59, 3, 0, 39]",True,41
22:49:16 28/12/2020,148,10498,3008710,"[33, 15, 34, 19, 42, 11, 10, 7, 27, 36, 28, 6, 44, 38, 9, 2, 14, 43, 16, 12, 35, 24, 22, 30, 46, 31, 25, 57, 56, 52, 58, 23, 51, 5, 8, 53, 29, 20, 13, 37, 26, 4, 1, 40, 47, 45, 48, 17, 54, 49, 18, 50, 21, 32, 55, 41, 59, 3, 0, 39]",False,42
22:49:22 28/12/2020,149,10571,3008710,"[33, 15, 34, 19, 42, 11, 10, 7, 27, 36, 28, 6, 44, 38, 9, 2, 14, 43, 16, 12, 35, 24, 22, 30, 46, 31, 25, 57, 56, 52, 58, 23, 51, 5, 8, 53, 29, 20, 13, 37, 26, 4, 1, 40, 47, 45, 48, 17, 54, 49, 18, 50, 21, 32, 55, 41, 59, 3, 0, 39]",True,43
22:49:23 28/12/2020,150,10643,3008710,"[33, 15, 34, 19, 42, 11, 10, 7, 27, 36, 28, 6, 44, 38, 9, 2, 14, 43, 16, 12, 35, 24, 22, 30, 46, 31, 25, 57, 56, 52, 58, 23, 51, 5, 8, 53, 29, 20, 13, 37, 26, 4, 1, 40, 47, 45, 48, 17, 54, 49, 18, 50, 21, 32, 55, 41, 59, 3, 0, 39]",False,44
22:49:23 28/12/2020,151,10714,3008710,"[33, 15, 34, 19, 42, 11, 10, 7, 27, 36, 28, 6, 44, 38, 9, 2, 14, 43, 16, 12, 35, 24, 22, 30, 46, 31, 25, 57, 56, 52, 58, 23, 51, 5, 8, 53, 29, 20, 13, 37, 26, 4, 1, 40, 47, 45, 48, 17, 54, 49, 18, 50, 21, 32, 55, 41, 59, 3, 0, 39]",False,45
22:49:29 28/12/2020,152,10787,3008710,"[33, 15, 34, 19, 42, 11, 10, 7, 27, 36, 28, 6, 44, 38, 9, 2, 14, 43, 16, 12, 35, 24, 22, 30, 46, 31, 25, 57, 56, 52, 58, 23, 51, 5, 8, 53, 29, 20, 13, 37, 26, 4, 1, 40, 47, 45, 48, 17, 54, 49, 18, 50, 21, 32, 55, 41, 59, 3, 0, 39]",True,46
22:49:35 28/12/2020,153,10860,3008710,"[33, 15, 34, 19, 42, 11, 10, 7, 27, 36, 28, 6, 44, 38, 9, 2, 14, 43, 16, 12, 35, 24, 22, 30, 46, 31, 25, 57, 56, 52, 58, 23, 51, 5, 8, 53, 29, 20, 13, 37, 26, 4, 1, 40, 47, 45, 48, 17, 54, 49, 18, 50, 21, 32, 55, 41, 59, 3, 0, 39]",True,47
22:49:42 28/12/2020,154,10932,3008710,"[33, 15, 34, 19, 42, 11, 10, 7, 27, 36, 28, 6, 44, 38, 9, 2, 14, 43, 16, 12, 35, 24, 22, 30, 46, 31, 25, 57, 56, 52, 58, 23, 51, 5, 8, 53, 29, 20, 13, 37, 26, 4, 1, 40, 47, 45, 48, 17, 54, 49, 18, 50, 21, 32, 55, 41, 59, 3, 0, 39]",True,48
22:49:42 28/12/2020,155,11003,3008710,"[33, 15, 34, 19, 42, 11, 10, 7, 27, 36, 28, 6, 44, 38, 9, 2, 14, 43, 16, 12, 35, 24, 22, 30, 46, 31, 25, 57, 56, 52, 58, 23, 51, 5, 8, 53, 29, 20, 13, 37, 26, 4, 1, 40, 47, 45, 48, 17, 54, 49, 18, 50, 21, 32, 55, 41, 59, 3, 0, 39]",False,49
22:49:42 28/12/2020,156,11075,3008710,"[33, 15, 34, 19, 42, 11, 10, 7, 27, 36, 28, 6, 44, 38, 9, 2, 14, 43, 16, 12, 35, 24, 22, 30, 46, 31, 25, 57, 56, 52, 58, 23, 51, 5, 8, 53, 29, 20, 13, 37, 26, 4, 1, 40, 47, 45, 48, 17, 54, 49, 18, 50, 21, 32, 55, 41, 59, 3, 0, 39]",False,50
22:49:48 28/12/2020,157,11148,3008710,"[33, 15, 34, 19, 42, 11, 10, 7, 27, 36, 28, 6, 44, 38, 9, 2, 14, 43, 16, 12, 35, 24, 22, 30, 46, 31, 25, 57, 56, 52, 58, 23, 51, 5, 8, 53, 29, 20, 13, 37, 26, 4, 1, 40, 47, 45, 48, 17, 54, 49, 18, 50, 21, 32, 55, 41, 59, 3, 0, 39]",True,51
22:49:49 28/12/2020,158,11220,3008710,"[33, 15, 34, 19, 42, 11, 10, 7, 27, 36, 28, 6, 44, 38, 9, 2, 14, 43, 16, 12, 35, 24, 22, 30, 46, 31, 25, 57, 56, 52, 58, 23, 51, 5, 8, 53, 29, 20, 13, 37, 26, 4, 1, 40, 47, 45, 48, 17, 54, 49, 18, 50, 21, 32, 55, 41, 59, 3, 0, 39]",False,52
22:49:49 28/12/2020,159,11292,3008710,"[33, 15, 34, 19, 42, 11, 10, 7, 27, 36, 28, 6, 44, 38, 9, 2, 14, 43, 16, 12, 35, 24, 22, 30, 46, 31, 25, 57, 56, 52, 58, 23, 51, 5, 8, 53, 29, 20, 13, 37, 26, 4, 1, 40, 47, 45, 48, 17, 54, 49, 18, 50, 21, 32, 55, 41, 59, 3, 0, 39]",False,53
22:49:50 28/12/2020,160,11364,3008710,"[33, 15, 34, 19, 42, 11, 10, 7, 27, 36, 28, 6, 44, 38, 9, 2, 14, 43, 16, 12, 35, 24, 22, 30, 46, 31, 25, 57, 56, 52, 58, 23, 51, 5, 8, 53, 29, 20, 13, 37, 26, 4, 1, 40, 47, 45, 48, 17, 54, 49, 18, 50, 21, 32, 55, 41, 59, 3, 0, 39]",False,54
22:49:56 28/12/2020,161,11437,3008710,"[33, 15, 34, 19, 42, 11, 10, 7, 27, 36, 28, 6, 44, 38, 9, 2, 14, 43, 16, 12, 35, 24, 22, 30, 46, 31, 25, 57, 56, 52, 58, 23, 51, 5, 8, 53, 29, 20, 13, 37, 26, 4, 1, 40, 47, 45, 48, 17, 54, 49, 18, 50, 21, 32, 55, 41, 59, 3, 0, 39]",True,55
22:49:56 28/12/2020,162,11509,3008710,"[33, 15, 34, 19, 42, 11, 10, 7, 27, 36, 28, 6, 44, 38, 9, 2, 14, 43, 16, 12, 35, 24, 22, 30, 46, 31, 25, 57, 56, 52, 58, 23, 51, 5, 8, 53, 29, 20, 13, 37, 26, 4, 1, 40, 47, 45, 48, 17, 54, 49, 18, 50, 21, 32, 55, 41, 59, 3, 0, 39]",False,56
22:50:02 28/12/2020,163,11582,3008710,"[33, 15, 34, 19, 42, 11, 10, 7, 27, 36, 28, 6, 44, 38, 9, 2, 14, 43, 16, 12, 35, 24, 22, 30, 46, 31, 25, 57, 56, 52, 58, 23, 51, 5, 8, 53, 29, 20, 13, 37, 26, 4, 1, 40, 47, 45, 48, 17, 54, 49, 18, 50, 21, 32, 55, 41, 59, 3, 0, 39]",True,57
22:50:03 28/12/2020,164,11654,3008710,"[33, 15, 34, 19, 42, 11, 10, 7, 27, 36, 28, 6, 44, 38, 9, 2, 14, 43, 16, 12, 35, 24, 22, 30, 46, 31, 25, 57, 56, 52, 58, 23, 51, 5, 8, 53, 29, 20, 13, 37, 26, 4, 1, 40, 47, 45, 48, 17, 54, 49, 18, 50, 21, 32, 55, 41, 59, 3, 0, 39]",False,58
22:50:03 28/12/2020,165,11726,3008710,"[33, 15, 34, 19, 42, 11, 10, 7, 27, 36, 28, 6, 44, 38, 9, 2, 14, 43, 16, 12, 35, 24, 22, 30, 46, 31, 25, 57, 56, 52, 58, 23, 51, 5, 8, 53, 29, 20, 13, 37, 26, 4, 1, 40, 47, 45, 48, 17, 54, 49, 18, 50, 21, 32, 55, 41, 59, 3, 0, 39]",False,59
22:50:09 28/12/2020,166,11799,3008710,"[33, 15, 34, 19, 42, 11, 10, 7, 27, 36, 28, 6, 44, 38, 9, 2, 14, 43, 16, 12, 35, 24, 22, 30, 46, 31, 25, 57, 56, 52, 58, 23, 51, 5, 8, 53, 29, 20, 13, 37, 26, 4, 1, 40, 47, 45, 48, 17, 54, 49, 18, 50, 21, 32, 55, 41, 59, 3, 0, 39]",True,60
22:50:10 28/12/2020,167,11871,3008710,"[33, 15, 34, 19, 42, 11, 10, 7, 27, 36, 28, 6, 44, 38, 9, 2, 14, 43, 16, 12, 35, 24, 22, 30, 46, 31, 25, 57, 56, 52, 58, 23, 51, 5, 8, 53, 29, 20, 13, 37, 26, 4, 1, 40, 47, 45, 48, 17, 54, 49, 18, 50, 21, 32, 55, 41, 59, 3, 0, 39]",False,61
22:50:16 28/12/2020,168,11943,3008710,"[33, 15, 34, 19, 42, 11, 10, 7, 27, 36, 28, 6, 44, 38, 9, 2, 14, 43, 16, 12, 35, 24, 22, 30, 46, 31, 25, 57, 56, 52, 58, 23, 51, 5, 8, 53, 29, 20, 13, 37, 26, 4, 1, 40, 47, 45, 48, 17, 54, 49, 18, 50, 21, 32, 55, 41, 59, 3, 0, 39]",True,62
22:50:16 28/12/2020,169,12015,3008710,"[33, 15, 34, 19, 42, 11, 10, 7, 27, 36, 28, 6, 44, 38, 9, 2, 14, 43, 16, 12, 35, 24, 22, 30, 46, 31, 25, 57, 56, 52, 58, 23, 51, 5, 8, 53, 29, 20, 13, 37, 26, 4, 1, 40, 47, 45, 48, 17, 54, 49, 18, 50, 21, 32, 55, 41, 59, 3, 0, 39]",False,63
22:50:22 28/12/2020,170,12088,3008710,"[33, 15, 34, 19, 42, 11, 10, 7, 27, 36, 28, 6, 44, 38, 9, 2, 14, 43, 16, 12, 35, 24, 22, 30, 46, 31, 25, 57, 56, 52, 58, 23, 51, 5, 8, 53, 29, 20, 13, 37, 26, 4, 1, 40, 47, 45, 48, 17, 54, 49, 18, 50, 21, 32, 55, 41, 59, 3, 0, 39]",True,64
22:50:28 28/12/2020,171,12161,3008710,"[33, 15, 34, 19, 42, 11, 10, 7, 27, 36, 28, 6, 44, 38, 9, 2, 14, 43, 16, 12, 35, 24, 22, 30, 46, 31, 25, 57, 56, 52, 58, 23, 51, 5, 8, 53, 29, 20, 13, 37, 26, 4, 1, 40, 47, 45, 48, 17, 54, 49, 18, 50, 21, 32, 55, 41, 59, 3, 0, 39]",True,65
22:50:29 28/12/2020,172,12233,3008710,"[33, 15, 34, 19, 42, 11, 10, 7, 27, 36, 28, 6, 44, 38, 9, 2, 14, 43, 16, 12, 35, 24, 22, 30, 46, 31, 25, 57, 56, 52, 58, 23, 51, 5, 8, 53, 29, 20, 13, 37, 26, 4, 1, 40, 47, 45, 48, 17, 54, 49, 18, 50, 21, 32, 55, 41, 59, 3, 0, 39]",False,66
22:50:29 28/12/2020,173,12305,3008710,"[33, 15, 34, 19, 42, 11, 10, 7, 27, 36, 28, 6, 44, 38, 9, 2, 14, 43, 16, 12, 35, 24, 22, 30, 46, 31, 25, 57, 56, 52, 58, 23, 51, 5, 8, 53, 29, 20, 13, 37, 26, 4, 1, 40, 47, 45, 48, 17, 54, 49, 18, 50, 21, 32, 55, 41, 59, 3, 0, 39]",False,67
22:50:35 28/12/2020,174,12378,3008710,"[33, 15, 34, 19, 42, 11, 10, 7, 27, 36, 28, 6, 44, 38, 9, 2, 14, 43, 16, 12, 35, 24, 22, 30, 46, 31, 25, 57, 56, 52, 58, 23, 51, 5, 8, 53, 29, 20, 13, 37, 26, 4, 1, 40, 47, 45, 48, 17, 54, 49, 18, 50, 21, 32, 55, 41, 59, 3, 0, 39]",True,68
22:50:41 28/12/2020,175,12451,3008710,"[33, 15, 34, 19, 42, 11, 10, 7, 27, 36, 28, 6, 44, 38, 9, 2, 14, 43, 16, 12, 35, 24, 22, 30, 46, 31, 25, 57, 56, 52, 58, 23, 51, 5, 8, 53, 29, 20, 13, 37, 26, 4, 1, 40, 47, 45, 48, 17, 54, 49, 18, 50, 21, 32, 55, 41, 59, 3, 0, 39]",True,69
22:50:42 28/12/2020,176,12523,3008710,"[33, 15, 34, 19, 42, 11, 10, 7, 27, 36, 28, 6, 44, 38, 9, 2, 14, 43, 16, 12, 35, 24, 22, 30, 46, 31, 25, 57, 56, 52, 58, 23, 51, 5, 8, 53, 29, 20, 13, 37, 26, 4, 1, 40, 47, 45, 48, 17, 54, 49, 18, 50, 21, 32, 55, 41, 59, 3, 0, 39]",False,70
22:50:42 28/12/2020,177,12595,3008710,"[33, 15, 34, 19, 42, 11, 10, 7, 27, 36, 28, 6, 44, 38, 9, 2, 14, 43, 16, 12, 35, 24, 22, 30, 46, 31, 25, 57, 56, 52, 58, 23, 51, 5, 8, 53, 29, 20, 13, 37, 26, 4, 1, 40, 47, 45, 48, 17, 54, 49, 18, 50, 21, 32, 55, 41, 59, 3, 0, 39]",False,71
22:50:48 28/12/2020,178,12668,3008710,"[33, 15, 34, 19, 42, 11, 10, 7, 27, 36, 28, 6, 44, 38, 9, 2, 14, 43, 16, 12, 35, 24, 22, 30, 46, 31, 25, 57, 56, 52, 58, 23, 51, 5, 8, 53, 29, 20, 13, 37, 26, 4, 1, 40, 47, 45, 48, 17, 54, 49, 18, 50, 21, 32, 55, 41, 59, 3, 0, 39]",True,72
22:50:54 28/12/2020,179,12741,3008710,"[33, 15, 34, 19, 42, 11, 10, 7, 27, 36, 28, 6, 44, 38, 9, 2, 14, 43, 16, 12, 35, 24, 22, 30, 46, 31, 25, 57, 56, 52, 58, 23, 51, 5, 8, 53, 29, 20, 13, 37, 26, 4, 1, 40, 47, 45, 48, 17, 54, 49, 18, 50, 21, 32, 55, 41, 59, 3, 0, 39]",True,73
22:50:55 28/12/2020,180,12813,3008710,"[33, 15, 34, 19, 42, 11, 10, 7, 27, 36, 28, 6, 44, 38, 9, 2, 14, 43, 16, 12, 35, 24, 22, 30, 46, 31, 25, 57, 56, 52, 58, 23, 51, 5, 8, 53, 29, 20, 13, 37, 26, 4, 1, 40, 47, 45, 48, 17, 54, 49, 18, 50, 21, 32, 55, 41, 59, 3, 0, 39]",False,74
22:50:55 28/12/2020,181,12885,3008710,"[33, 15, 34, 19, 42, 11, 10, 7, 27, 36, 28, 6, 44, 38, 9, 2, 14, 43, 16, 12, 35, 24, 22, 30, 46, 31, 25, 57, 56, 52, 58, 23, 51, 5, 8, 53, 29, 20, 13, 37, 26, 4, 1, 40, 47, 45, 48, 17, 54, 49, 18, 50, 21, 32, 55, 41, 59, 3, 0, 39]",False,75
22:51:01 28/12/2020,182,12957,3008710,"[33, 15, 34, 19, 42, 11, 10, 7, 27, 36, 28, 6, 44, 38, 9, 2, 14, 43, 16, 12, 35, 24, 22, 30, 46, 31, 25, 57, 56, 52, 58, 23, 51, 5, 8, 53, 29, 20, 13, 37, 26, 4, 1, 40, 47, 45, 48, 17, 54, 49, 18, 50, 21, 32, 55, 41, 59, 3, 0, 39]",True,76
22:51:02 28/12/2020,183,13029,3008710,"[33, 15, 34, 19, 42, 11, 10, 7, 27, 36, 28, 6, 44, 38, 9, 2, 14, 43, 16, 12, 35, 24, 22, 30, 46, 31, 25, 57, 56, 52, 58, 23, 51, 5, 8, 53, 29, 20, 13, 37, 26, 4, 1, 40, 47, 45, 48, 17, 54, 49, 18, 50, 21, 32, 55, 41, 59, 3, 0, 39]",False,77
22:51:07 28/12/2020,184,13102,3008710,"[33, 15, 34, 19, 42, 11, 10, 7, 27, 36, 28, 6, 44, 38, 9, 2, 14, 43, 16, 12, 35, 24, 22, 30, 46, 31, 25, 57, 56, 52, 58, 23, 51, 5, 8, 53, 29, 20, 13, 37, 26, 4, 1, 40, 47, 45, 48, 17, 54, 49, 18, 50, 21, 32, 55, 41, 59, 3, 0, 39]",True,78
22:51:08 28/12/2020,185,13174,3008710,"[33, 15, 34, 19, 42, 11, 10, 7, 27, 36, 28, 6, 44, 38, 9, 2, 14, 43, 16, 12, 35, 24, 22, 30, 46, 31, 25, 57, 56, 52, 58, 23, 51, 5, 8, 53, 29, 20, 13, 37, 26, 4, 1, 40, 47, 45, 48, 17, 54, 49, 18, 50, 21, 32, 55, 41, 59, 3, 0, 39]",False,79
22:51:08 28/12/2020,186,13245,3008710,"[33, 15, 34, 19, 42, 11, 10, 7, 27, 36, 28, 6, 44, 38, 9, 2, 14, 43, 16, 12, 35, 24, 22, 30, 46, 31, 25, 57, 56, 52, 58, 23, 51, 5, 8, 53, 29, 20, 13, 37, 26, 4, 1, 40, 47, 45, 48, 17, 54, 49, 18, 50, 21, 32, 55, 41, 59, 3, 0, 39]",False,80
22:51:14 28/12/2020,187,13318,3008710,"[33, 15, 34, 19, 42, 11, 10, 7, 27, 36, 28, 6, 44, 38, 9, 2, 14, 43, 16, 12, 35, 24, 22, 30, 46, 31, 25, 57, 56, 52, 58, 23, 51, 5, 8, 53, 29, 20, 13, 37, 26, 4, 1, 40, 47, 45, 48, 17, 54, 49, 18, 50, 21, 32, 55, 41, 59, 3, 0, 39]",True,81
22:51:15 28/12/2020,188,13390,3008710,"[33, 15, 34, 19, 42, 11, 10, 7, 27, 36, 28, 6, 44, 38, 9, 2, 14, 43, 16, 12, 35, 24, 22, 30, 46, 31, 25, 57, 56, 52, 58, 23, 51, 5, 8, 53, 29, 20, 13, 37, 26, 4, 1, 40, 47, 45, 48, 17, 54, 49, 18, 50, 21, 32, 55, 41, 59, 3, 0, 39]",False,82
22:51:15 28/12/2020,189,13462,3008710,"[33, 15, 34, 19, 42, 11, 10, 7, 27, 36, 28, 6, 44, 38, 9, 2, 14, 43, 16, 12, 35, 24, 22, 30, 46, 31, 25, 57, 56, 52, 58, 23, 51, 5, 8, 53, 29, 20, 13, 37, 26, 4, 1, 40, 47, 45, 48, 17, 54, 49, 18, 50, 21, 32, 55, 41, 59, 3, 0, 39]",False,83
22:51:16 28/12/2020,190,13534,3008710,"[33, 15, 34, 19, 42, 11, 10, 7, 27, 36, 28, 6, 44, 38, 9, 2, 14, 43, 16, 12, 35, 24, 22, 30, 46, 31, 25, 57, 56, 52, 58, 23, 51, 5, 8, 53, 29, 20, 13, 37, 26, 4, 1, 40, 47, 45, 48, 17, 54, 49, 18, 50, 21, 32, 55, 41, 59, 3, 0, 39]",False,84
22:51:16 28/12/2020,191,13606,3008710,"[33, 15, 34, 19, 42, 11, 10, 7, 27, 36, 28, 6, 44, 38, 9, 2, 14, 43, 16, 12, 35, 24, 22, 30, 46, 31, 25, 57, 56, 52, 58, 23, 51, 5, 8, 53, 29, 20, 13, 37, 26, 4, 1, 40, 47, 45, 48, 17, 54, 49, 18, 50, 21, 32, 55, 41, 59, 3, 0, 39]",False,85
22:51:22 28/12/2020,192,13679,3008710,"[33, 15, 34, 19, 42, 11, 10, 7, 27, 36, 28, 6, 44, 38, 9, 2, 14, 43, 16, 12, 35, 24, 22, 30, 46, 31, 25, 57, 56, 52, 58, 23, 51, 5, 8, 53, 29, 20, 13, 37, 26, 4, 1, 40, 47, 45, 48, 17, 54, 49, 18, 50, 21, 32, 55, 41, 59, 3, 0, 39]",True,86
22:51:28 28/12/2020,193,13752,3008710,"[33, 15, 34, 19, 42, 11, 10, 7, 27, 36, 28, 6, 44, 38, 9, 2, 14, 43, 16, 12, 35, 24, 22, 30, 46, 31, 25, 57, 56, 52, 58, 23, 51, 5, 8, 53, 29, 20, 13, 37, 26, 4, 1, 40, 47, 45, 48, 17, 54, 49, 18, 50, 21, 32, 55, 41, 59, 3, 0, 39]",True,87
22:51:34 28/12/2020,194,13825,3008710,"[33, 15, 34, 19, 42, 11, 10, 7, 27, 36, 28, 6, 44, 38, 9, 2, 14, 43, 16, 12, 35, 24, 22, 30, 46, 31, 25, 57, 56, 52, 58, 23, 51, 5, 8, 53, 29, 20, 13, 37, 26, 4, 1, 40, 47, 45, 48, 17, 54, 49, 18, 50, 21, 32, 55, 41, 59, 3, 0, 39]",True,88
22:51:40 28/12/2020,195,13898,3008710,"[33, 15, 34, 19, 42, 11, 10, 7, 27, 36, 28, 6, 44, 38, 9, 2, 14, 43, 16, 12, 35, 24, 22, 30, 46, 31, 25, 57, 56, 52, 58, 23, 51, 5, 8, 53, 29, 20, 13, 37, 26, 4, 1, 40, 47, 45, 48, 17, 54, 49, 18, 50, 21, 32, 55, 41, 59, 3, 0, 39]",True,89
22:51:47 28/12/2020,196,13971,3008710,"[33, 15, 34, 19, 42, 11, 10, 7, 27, 36, 28, 6, 44, 38, 9, 2, 14, 43, 16, 12, 35, 24, 22, 30, 46, 31, 25, 57, 56, 52, 58, 23, 51, 5, 8, 53, 29, 20, 13, 37, 26, 4, 1, 40, 47, 45, 48, 17, 54, 49, 18, 50, 21, 32, 55, 41, 59, 3, 0, 39]",True,90
22:51:47 28/12/2020,197,14043,3008710,"[33, 15, 34, 19, 42, 11, 10, 7, 27, 36, 28, 6, 44, 38, 9, 2, 14, 43, 16, 12, 35, 24, 22, 30, 46, 31, 25, 57, 56, 52, 58, 23, 51, 5, 8, 53, 29, 20, 13, 37, 26, 4, 1, 40, 47, 45, 48, 17, 54, 49, 18, 50, 21, 32, 55, 41, 59, 3, 0, 39]",False,91
22:51:53 28/12/2020,198,14116,3008710,"[33, 15, 34, 19, 42, 11, 10, 7, 27, 36, 28, 6, 44, 38, 9, 2, 14, 43, 16, 12, 35, 24, 22, 30, 46, 31, 25, 57, 56, 52, 58, 23, 51, 5, 8, 53, 29, 20, 13, 37, 26, 4, 1, 40, 47, 45, 48, 17, 54, 49, 18, 50, 21, 32, 55, 41, 59, 3, 0, 39]",True,92
22:51:53 28/12/2020,199,14188,3008710,"[33, 15, 34, 19, 42, 11, 10, 7, 27, 36, 28, 6, 44, 38, 9, 2, 14, 43, 16, 12, 35, 24, 22, 30, 46, 31, 25, 57, 56, 52, 58, 23, 51, 5, 8, 53, 29, 20, 13, 37, 26, 4, 1, 40, 47, 45, 48, 17, 54, 49, 18, 50, 21, 32, 55, 41, 59, 3, 0, 39]",False,93
22:51:54 28/12/2020,200,14259,3008710,"[33, 15, 34, 19, 42, 11, 10, 7, 27, 36, 28, 6, 44, 38, 9, 2, 14, 43, 16, 12, 35, 24, 22, 30, 46, 31, 25, 57, 56, 52, 58, 23, 51, 5, 8, 53, 29, 20, 13, 37, 26, 4, 1, 40, 47, 45, 48, 17, 54, 49, 18, 50, 21, 32, 55, 41, 59, 3, 0, 39]",False,94
22:51:54 28/12/2020,201,14331,3008710,"[33, 15, 34, 19, 42, 11, 10, 7, 27, 36, 28, 6, 44, 38, 9, 2, 14, 43, 16, 12, 35, 24, 22, 30, 46, 31, 25, 57, 56, 52, 58, 23, 51, 5, 8, 53, 29, 20, 13, 37, 26, 4, 1, 40, 47, 45, 48, 17, 54, 49, 18, 50, 21, 32, 55, 41, 59, 3, 0, 39]",False,95
22:51:55 28/12/2020,202,14403,3008710,"[33, 15, 34, 19, 42, 11, 10, 7, 27, 36, 28, 6, 44, 38, 9, 2, 14, 43, 16, 12, 35, 24, 22, 30, 46, 31, 25, 57, 56, 52, 58, 23, 51, 5, 8, 53, 29, 20, 13, 37, 26, 4, 1, 40, 47, 45, 48, 17, 54, 49, 18, 50, 21, 32, 55, 41, 59, 3, 0, 39]",False,96
22:52:01 28/12/2020,203,14476,3008710,"[33, 15, 34, 19, 42, 11, 10, 7, 27, 36, 28, 6, 44, 38, 9, 2, 14, 43, 16, 12, 35, 24, 22, 30, 46, 31, 25, 57, 56, 52, 58, 23, 51, 5, 8, 53, 29, 20, 13, 37, 26, 4, 1, 40, 47, 45, 48, 17, 54, 49, 18, 50, 21, 32, 55, 41, 59, 3, 0, 39]",True,97
22:52:07 28/12/2020,204,14549,3008710,"[33, 15, 34, 19, 42, 11, 10, 7, 27, 36, 28, 6, 44, 38, 9, 2, 14, 43, 16, 12, 35, 24, 22, 30, 46, 31, 25, 57, 56, 52, 58, 23, 51, 5, 8, 53, 29, 20, 13, 37, 26, 4, 1, 40, 47, 45, 48, 17, 54, 49, 18, 50, 21, 32, 55, 41, 59, 3, 0, 39]",True,98
22:52:07 28/12/2020,205,14621,3008710,"[33, 15, 34, 19, 42, 11, 10, 7, 27, 36, 28, 6, 44, 38, 9, 2, 14, 43, 16, 12, 35, 24, 22, 30, 46, 31, 25, 57, 56, 52, 58, 23, 51, 5, 8, 53, 29, 20, 13, 37, 26, 4, 1, 40, 47, 45, 48, 17, 54, 49, 18, 50, 21, 32, 55, 41, 59, 3, 0, 39]",False,99
22:52:08 28/12/2020,206,14693,3008710,"[33, 15, 34, 19, 42, 11, 10, 7, 27, 36, 28, 6, 44, 38, 9, 2, 14, 43, 16, 12, 35, 24, 22, 30, 46, 31, 25, 57, 56, 52, 58, 23, 51, 5, 8, 53, 29, 20, 13, 37, 26, 4, 1, 40, 47, 45, 48, 17, 54, 49, 18, 50, 21, 32, 55, 41, 59, 3, 0, 39]",False,100
22:52:08 28/12/2020,207,14765,3008710,"[33, 15, 34, 19, 42, 11, 10, 7, 27, 36, 28, 6, 44, 38, 9, 2, 14, 43, 16, 12, 35, 24, 22, 30, 46, 31, 25, 57, 56, 52, 58, 23, 51, 5, 8, 53, 29, 20, 13, 37, 26, 4, 1, 40, 47, 45, 48, 17, 54, 49, 18, 50, 21, 32, 55, 41, 59, 3, 0, 39]",False,101
22:52:08 28/12/2020,208,14837,3008710,"[33, 15, 34, 19, 42, 11, 10, 7, 27, 36, 28, 6, 44, 38, 9, 2, 14, 43, 16, 12, 35, 24, 22, 30, 46, 31, 25, 57, 56, 52, 58, 23, 51, 5, 8, 53, 29, 20, 13, 37, 26, 4, 1, 40, 47, 45, 48, 17, 54, 49, 18, 50, 21, 32, 55, 41, 59, 3, 0, 39]",False,102
22:52:15 28/12/2020,209,14910,3008710,"[33, 15, 34, 19, 42, 11, 10, 7, 27, 36, 28, 6, 44, 38, 9, 2, 14, 43, 16, 12, 35, 24, 22, 30, 46, 31, 25, 57, 56, 52, 58, 23, 51, 5, 8, 53, 29, 20, 13, 37, 26, 4, 1, 40, 47, 45, 48, 17, 54, 49, 18, 50, 21, 32, 55, 41, 59, 3, 0, 39]",True,103
22:52:15 28/12/2020,210,14982,3008710,"[33, 15, 34, 19, 42, 11, 10, 7, 27, 36, 28, 6, 44, 38, 9, 2, 14, 43, 16, 12, 35, 24, 22, 30, 46, 31, 25, 57, 56, 52, 58, 23, 51, 5, 8, 53, 29, 20, 13, 37, 26, 4, 1, 40, 47, 45, 48, 17, 54, 49, 18, 50, 21, 32, 55, 41, 59, 3, 0, 39]",False,104
22:52:21 28/12/2020,211,15055,3008710,"[33, 15, 34, 19, 42, 11, 10, 7, 27, 36, 28, 6, 44, 38, 9, 2, 14, 43, 16, 12, 35, 24, 22, 30, 46, 31, 25, 57, 56, 52, 58, 23, 51, 5, 8, 53, 29, 20, 13, 37, 26, 4, 1, 40, 47, 45, 48, 17, 54, 49, 18, 50, 21, 32, 55, 41, 59, 3, 0, 39]",True,105
22:52:21 28/12/2020,212,15127,3008710,"[33, 15, 34, 19, 42, 11, 10, 7, 27, 36, 28, 6, 44, 38, 9, 2, 14, 43, 16, 12, 35, 24, 22, 30, 46, 31, 25, 57, 56, 52, 58, 23, 51, 5, 8, 53, 29, 20, 13, 37, 26, 4, 1, 40, 47, 45, 48, 17, 54, 49, 18, 50, 21, 32, 55, 41, 59, 3, 0, 39]",False,106
22:52:22 28/12/2020,213,15199,3008710,"[33, 15, 34, 19, 42, 11, 10, 7, 27, 36, 28, 6, 44, 38, 9, 2, 14, 43, 16, 12, 35, 24, 22, 30, 46, 31, 25, 57, 56, 52, 58, 23, 51, 5, 8, 53, 29, 20, 13, 37, 26, 4, 1, 40, 47, 45, 48, 17, 54, 49, 18, 50, 21, 32, 55, 41, 59, 3, 0, 39]",False,107
22:52:28 28/12/2020,214,15272,3008710,"[33, 15, 34, 19, 42, 11, 10, 7, 27, 36, 28, 6, 44, 38, 9, 2, 14, 43, 16, 12, 35, 24, 22, 30, 46, 31, 25, 57, 56, 52, 58, 23, 51, 5, 8, 53, 29, 20, 13, 37, 26, 4, 1, 40, 47, 45, 48, 17, 54, 49, 18, 50, 21, 32, 55, 41, 59, 3, 0, 39]",True,108
22:52:29 28/12/2020,215,15344,3008710,"[33, 15, 34, 19, 42, 11, 10, 7, 27, 36, 28, 6, 44, 38, 9, 2, 14, 43, 16, 12, 35, 24, 22, 30, 46, 31, 25, 57, 56, 52, 58, 23, 51, 5, 8, 53, 29, 20, 13, 37, 26, 4, 1, 40, 47, 45, 48, 17, 54, 49, 18, 50, 21, 32, 55, 41, 59, 3, 0, 39]",False,109
22:52:29 28/12/2020,216,15416,3008710,"[33, 15, 34, 19, 42, 11, 10, 7, 27, 36, 28, 6, 44, 38, 9, 2, 14, 43, 16, 12, 35, 24, 22, 30, 46, 31, 25, 57, 56, 52, 58, 23, 51, 5, 8, 53, 29, 20, 13, 37, 26, 4, 1, 40, 47, 45, 48, 17, 54, 49, 18, 50, 21, 32, 55, 41, 59, 3, 0, 39]",False,110
22:52:29 28/12/2020,217,15488,3008710,"[33, 15, 34, 19, 42, 11, 10, 7, 27, 36, 28, 6, 44, 38, 9, 2, 14, 43, 16, 12, 35, 24, 22, 30, 46, 31, 25, 57, 56, 52, 58, 23, 51, 5, 8, 53, 29, 20, 13, 37, 26, 4, 1, 40, 47, 45, 48, 17, 54, 49, 18, 50, 21, 32, 55, 41, 59, 3, 0, 39]",False,111
22:52:35 28/12/2020,218,15561,3008710,"[33, 15, 34, 19, 42, 11, 10, 7, 27, 36, 28, 6, 44, 38, 9, 2, 14, 43, 16, 12, 35, 24, 22, 30, 46, 31, 25, 57, 56, 52, 58, 23, 51, 5, 8, 53, 29, 20, 13, 37, 26, 4, 1, 40, 47, 45, 48, 17, 54, 49, 18, 50, 21, 32, 55, 41, 59, 3, 0, 39]",True,112
22:52:36 28/12/2020,219,15633,3008710,"[33, 15, 34, 19, 42, 11, 10, 7, 27, 36, 28, 6, 44, 38, 9, 2, 14, 43, 16, 12, 35, 24, 22, 30, 46, 31, 25, 57, 56, 52, 58, 23, 51, 5, 8, 53, 29, 20, 13, 37, 26, 4, 1, 40, 47, 45, 48, 17, 54, 49, 18, 50, 21, 32, 55, 41, 59, 3, 0, 39]",False,113
22:52:36 28/12/2020,220,15705,3008710,"[33, 15, 34, 19, 42, 11, 10, 7, 27, 36, 28, 6, 44, 38, 9, 2, 14, 43, 16, 12, 35, 24, 22, 30, 46, 31, 25, 57, 56, 52, 58, 23, 51, 5, 8, 53, 29, 20, 13, 37, 26, 4, 1, 40, 47, 45, 48, 17, 54, 49, 18, 50, 21, 32, 55, 41, 59, 3, 0, 39]",False,114
22:52:37 28/12/2020,221,15777,3008710,"[33, 15, 34, 19, 42, 11, 10, 7, 27, 36, 28, 6, 44, 38, 9, 2, 14, 43, 16, 12, 35, 24, 22, 30, 46, 31, 25, 57, 56, 52, 58, 23, 51, 5, 8, 53, 29, 20, 13, 37, 26, 4, 1, 40, 47, 45, 48, 17, 54, 49, 18, 50, 21, 32, 55, 41, 59, 3, 0, 39]",False,115
22:52:37 28/12/2020,222,15849,3008710,"[33, 15, 34, 19, 42, 11, 10, 7, 27, 36, 28, 6, 44, 38, 9, 2, 14, 43, 16, 12, 35, 24, 22, 30, 46, 31, 25, 57, 56, 52, 58, 23, 51, 5, 8, 53, 29, 20, 13, 37, 26, 4, 1, 40, 47, 45, 48, 17, 54, 49, 18, 50, 21, 32, 55, 41, 59, 3, 0, 39]",False,116
22:52:43 28/12/2020,223,15922,3008710,"[33, 15, 34, 19, 42, 11, 10, 7, 27, 36, 28, 6, 44, 38, 9, 2, 14, 43, 16, 12, 35, 24, 22, 30, 46, 31, 25, 57, 56, 52, 58, 23, 51, 5, 8, 53, 29, 20, 13, 37, 26, 4, 1, 40, 47, 45, 48, 17, 54, 49, 18, 50, 21, 32, 55, 41, 59, 3, 0, 39]",True,117
22:52:49 28/12/2020,224,15995,3008710,"[33, 15, 34, 19, 42, 11, 10, 7, 27, 36, 28, 6, 44, 38, 9, 2, 14, 43, 16, 12, 35, 24, 22, 30, 46, 31, 25, 57, 56, 52, 58, 23, 51, 5, 8, 53, 29, 20, 13, 37, 26, 4, 1, 40, 47, 45, 48, 17, 54, 49, 18, 50, 21, 32, 55, 41, 59, 3, 0, 39]",True,118
22:52:49 28/12/2020,225,16067,3008710,"[33, 15, 34, 19, 42, 11, 10, 7, 27, 36, 28, 6, 44, 38, 9, 2, 14, 43, 16, 12, 35, 24, 22, 30, 46, 31, 25, 57, 56, 52, 58, 23, 51, 5, 8, 53, 29, 20, 13, 37, 26, 4, 1, 40, 47, 45, 48, 17, 54, 49, 18, 50, 21, 32, 55, 41, 59, 3, 0, 39]",False,119
22:52:50 28/12/2020,226,16139,3008710,"[33, 15, 34, 19, 42, 11, 10, 7, 27, 36, 28, 6, 44, 38, 9, 2, 14, 43, 16, 12, 35, 24, 22, 30, 46, 31, 25, 57, 56, 52, 58, 23, 51, 5, 8, 53, 29, 20, 13, 37, 26, 4, 1, 40, 47, 45, 48, 17, 54, 49, 18, 50, 21, 32, 55, 41, 59, 3, 0, 39]",False,120
22:52:56 28/12/2020,227,16212,3008710,"[33, 15, 34, 19, 42, 11, 10, 7, 27, 36, 28, 6, 44, 38, 9, 2, 14, 43, 16, 12, 35, 24, 22, 30, 46, 31, 25, 57, 56, 52, 58, 23, 51, 5, 8, 53, 29, 20, 13, 37, 26, 4, 1, 40, 47, 45, 48, 17, 54, 49, 18, 50, 21, 32, 55, 41, 59, 3, 0, 39]",True,121
22:52:56 28/12/2020,228,16284,3008710,"[33, 15, 34, 19, 42, 11, 10, 7, 27, 36, 28, 6, 44, 38, 9, 2, 14, 43, 16, 12, 35, 24, 22, 30, 46, 31, 25, 57, 56, 52, 58, 23, 51, 5, 8, 53, 29, 20, 13, 37, 26, 4, 1, 40, 47, 45, 48, 17, 54, 49, 18, 50, 21, 32, 55, 41, 59, 3, 0, 39]",False,122
22:53:02 28/12/2020,229,16357,3008710,"[33, 15, 34, 19, 42, 11, 10, 7, 27, 36, 28, 6, 44, 38, 9, 2, 14, 43, 16, 12, 35, 24, 22, 30, 46, 31, 25, 57, 56, 52, 58, 23, 51, 5, 8, 53, 29, 20, 13, 37, 26, 4, 1, 40, 47, 45, 48, 17, 54, 49, 18, 50, 21, 32, 55, 41, 59, 3, 0, 39]",True,123
22:53:03 28/12/2020,230,16429,3008710,"[33, 15, 34, 19, 42, 11, 10, 7, 27, 36, 28, 6, 44, 38, 9, 2, 14, 43, 16, 12, 35, 24, 22, 30, 46, 31, 25, 57, 56, 52, 58, 23, 51, 5, 8, 53, 29, 20, 13, 37, 26, 4, 1, 40, 47, 45, 48, 17, 54, 49, 18, 50, 21, 32, 55, 41, 59, 3, 0, 39]",False,124
22:53:09 28/12/2020,231,16502,3008710,"[33, 15, 34, 19, 42, 11, 10, 7, 27, 36, 28, 6, 44, 38, 9, 2, 14, 43, 16, 12, 35, 24, 22, 30, 46, 31, 25, 57, 56, 52, 58, 23, 51, 5, 8, 53, 29, 20, 13, 37, 26, 4, 1, 40, 47, 45, 48, 17, 54, 49, 18, 50, 21, 32, 55, 41, 59, 3, 0, 39]",True,125
22:53:15 28/12/2020,232,16575,3008710,"[33, 15, 34, 19, 42, 11, 10, 7, 27, 36, 28, 6, 44, 38, 9, 2, 14, 43, 16, 12, 35, 24, 22, 30, 46, 31, 25, 57, 56, 52, 58, 23, 51, 5, 8, 53, 29, 20, 13, 37, 26, 4, 1, 40, 47, 45, 48, 17, 54, 49, 18, 50, 21, 32, 55, 41, 59, 3, 0, 39]",True,126
22:53:15 28/12/2020,233,16647,3008710,"[33, 15, 34, 19, 42, 11, 10, 7, 27, 36, 28, 6, 44, 38, 9, 2, 14, 43, 16, 12, 35, 24, 22, 30, 46, 31, 25, 57, 56, 52, 58, 23, 51, 5, 8, 53, 29, 20, 13, 37, 26, 4, 1, 40, 47, 45, 48, 17, 54, 49, 18, 50, 21, 32, 55, 41, 59, 3, 0, 39]",False,127
22:53:22 28/12/2020,234,16720,3008710,"[33, 15, 34, 19, 42, 11, 10, 7, 27, 36, 28, 6, 44, 38, 9, 2, 14, 43, 16, 12, 35, 24, 22, 30, 46, 31, 25, 57, 56, 52, 58, 23, 51, 5, 8, 53, 29, 20, 13, 37, 26, 4, 1, 40, 47, 45, 48, 17, 54, 49, 18, 50, 21, 32, 55, 41, 59, 3, 0, 39]",True,128
22:53:22 28/12/2020,235,16792,3008710,"[33, 15, 34, 19, 42, 11, 10, 7, 27, 36, 28, 6, 44, 38, 9, 2, 14, 43, 16, 12, 35, 24, 22, 30, 46, 31, 25, 57, 56, 52, 58, 23, 51, 5, 8, 53, 29, 20, 13, 37, 26, 4, 1, 40, 47, 45, 48, 17, 54, 49, 18, 50, 21, 32, 55, 41, 59, 3, 0, 39]",False,129
22:53:22 28/12/2020,236,16864,3008710,"[33, 15, 34, 19, 42, 11, 10, 7, 27, 36, 28, 6, 44, 38, 9, 2, 14, 43, 16, 12, 35, 24, 22, 30, 46, 31, 25, 57, 56, 52, 58, 23, 51, 5, 8, 53, 29, 20, 13, 37, 26, 4, 1, 40, 47, 45, 48, 17, 54, 49, 18, 50, 21, 32, 55, 41, 59, 3, 0, 39]",False,130
22:53:29 28/12/2020,237,16937,3008710,"[33, 15, 34, 19, 42, 11, 10, 7, 27, 36, 28, 6, 44, 38, 9, 2, 14, 43, 16, 12, 35, 24, 22, 30, 46, 31, 25, 57, 56, 52, 58, 23, 51, 5, 8, 53, 29, 20, 13, 37, 26, 4, 1, 40, 47, 45, 48, 17, 54, 49, 18, 50, 21, 32, 55, 41, 59, 3, 0, 39]",True,131
22:53:35 28/12/2020,238,17010,3008710,"[33, 15, 34, 19, 42, 11, 10, 7, 27, 36, 28, 6, 44, 38, 9, 2, 14, 43, 16, 12, 35, 24, 22, 30, 46, 31, 25, 57, 56, 52, 58, 23, 51, 5, 8, 53, 29, 20, 13, 37, 26, 4, 1, 40, 47, 45, 48, 17, 54, 49, 18, 50, 21, 32, 55, 41, 59, 3, 0, 39]",True,132
22:53:41 28/12/2020,239,17083,3008710,"[33, 15, 34, 19, 42, 11, 10, 7, 27, 36, 28, 6, 44, 38, 9, 2, 14, 43, 16, 12, 35, 24, 22, 30, 46, 31, 25, 57, 56, 52, 58, 23, 51, 5, 8, 53, 29, 20, 13, 37, 26, 4, 1, 40, 47, 45, 48, 17, 54, 49, 18, 50, 21, 32, 55, 41, 59, 3, 0, 39]",True,133
22:53:41 28/12/2020,240,17155,3008710,"[33, 15, 34, 19, 42, 11, 10, 7, 27, 36, 28, 6, 44, 38, 9, 2, 14, 43, 16, 12, 35, 24, 22, 30, 46, 31, 25, 57, 56, 52, 58, 23, 51, 5, 8, 53, 29, 20, 13, 37, 26, 4, 1, 40, 47, 45, 48, 17, 54, 49, 18, 50, 21, 32, 55, 41, 59, 3, 0, 39]",False,134
22:53:42 28/12/2020,241,17227,3008710,"[33, 15, 34, 19, 42, 11, 10, 7, 27, 36, 28, 6, 44, 38, 9, 2, 14, 43, 16, 12, 35, 24, 22, 30, 46, 31, 25, 57, 56, 52, 58, 23, 51, 5, 8, 53, 29, 20, 13, 37, 26, 4, 1, 40, 47, 45, 48, 17, 54, 49, 18, 50, 21, 32, 55, 41, 59, 3, 0, 39]",False,135
22:53:42 28/12/2020,242,17299,3008710,"[33, 15, 34, 19, 42, 11, 10, 7, 27, 36, 28, 6, 44, 38, 9, 2, 14, 43, 16, 12, 35, 24, 22, 30, 46, 31, 25, 57, 56, 52, 58, 23, 51, 5, 8, 53, 29, 20, 13, 37, 26, 4, 1, 40, 47, 45, 48, 17, 54, 49, 18, 50, 21, 32, 55, 41, 59, 3, 0, 39]",False,136
22:53:42 28/12/2020,243,17371,3008710,"[33, 15, 34, 19, 42, 11, 10, 7, 27, 36, 28, 6, 44, 38, 9, 2, 14, 43, 16, 12, 35, 24, 22, 30, 46, 31, 25, 57, 56, 52, 58, 23, 51, 5, 8, 53, 29, 20, 13, 37, 26, 4, 1, 40, 47, 45, 48, 17, 54, 49, 18, 50, 21, 32, 55, 41, 59, 3, 0, 39]",False,137
22:53:49 28/12/2020,244,17444,3008710,"[33, 15, 34, 19, 42, 11, 10, 7, 27, 36, 28, 6, 44, 38, 9, 2, 14, 43, 16, 12, 35, 24, 22, 30, 46, 31, 25, 57, 56, 52, 58, 23, 51, 5, 8, 53, 29, 20, 13, 37, 26, 4, 1, 40, 47, 45, 48, 17, 54, 49, 18, 50, 21, 32, 55, 41, 59, 3, 0, 39]",True,138
22:53:49 28/12/2020,245,17516,3008710,"[33, 15, 34, 19, 42, 11, 10, 7, 27, 36, 28, 6, 44, 38, 9, 2, 14, 43, 16, 12, 35, 24, 22, 30, 46, 31, 25, 57, 56, 52, 58, 23, 51, 5, 8, 53, 29, 20, 13, 37, 26, 4, 1, 40, 47, 45, 48, 17, 54, 49, 18, 50, 21, 32, 55, 41, 59, 3, 0, 39]",False,139
22:53:55 28/12/2020,246,17588,3008710,"[33, 15, 34, 19, 42, 11, 10, 7, 27, 36, 28, 6, 44, 38, 9, 2, 14, 43, 16, 12, 35, 24, 22, 30, 46, 31, 25, 57, 56, 52, 58, 23, 51, 5, 8, 53, 29, 20, 13, 37, 26, 4, 1, 40, 47, 45, 48, 17, 54, 49, 18, 50, 21, 32, 55, 41, 59, 3, 0, 39]",True,140
22:54:01 28/12/2020,247,17661,3008710,"[33, 15, 34, 19, 42, 11, 10, 7, 27, 36, 28, 6, 44, 38, 9, 2, 14, 43, 16, 12, 35, 24, 22, 30, 46, 31, 25, 57, 56, 52, 58, 23, 51, 5, 8, 53, 29, 20, 13, 37, 26, 4, 1, 40, 47, 45, 48, 17, 54, 49, 18, 50, 21, 32, 55, 41, 59, 3, 0, 39]",True,141
22:54:02 28/12/2020,248,17733,3008710,"[33, 15, 34, 19, 42, 11, 10, 7, 27, 36, 28, 6, 44, 38, 9, 2, 14, 43, 16, 12, 35, 24, 22, 30, 46, 31, 25, 57, 56, 52, 58, 23, 51, 5, 8, 53, 29, 20, 13, 37, 26, 4, 1, 40, 47, 45, 48, 17, 54, 49, 18, 50, 21, 32, 55, 41, 59, 3, 0, 39]",False,142
22:54:08 28/12/2020,249,17806,3008710,"[33, 15, 34, 19, 42, 11, 10, 7, 27, 36, 28, 6, 44, 38, 9, 2, 14, 43, 16, 12, 35, 24, 22, 30, 46, 31, 25, 57, 56, 52, 58, 23, 51, 5, 8, 53, 29, 20, 13, 37, 26, 4, 1, 40, 47, 45, 48, 17, 54, 49, 18, 50, 21, 32, 55, 41, 59, 3, 0, 39]",True,143
22:54:08 28/12/2020,250,17878,3008710,"[33, 15, 34, 19, 42, 11, 10, 7, 27, 36, 28, 6, 44, 38, 9, 2, 14, 43, 16, 12, 35, 24, 22, 30, 46, 31, 25, 57, 56, 52, 58, 23, 51, 5, 8, 53, 29, 20, 13, 37, 26, 4, 1, 40, 47, 45, 48, 17, 54, 49, 18, 50, 21, 32, 55, 41, 59, 3, 0, 39]",False,144
22:54:09 28/12/2020,251,17950,3008710,"[33, 15, 34, 19, 42, 11, 10, 7, 27, 36, 28, 6, 44, 38, 9, 2, 14, 43, 16, 12, 35, 24, 22, 30, 46, 31, 25, 57, 56, 52, 58, 23, 51, 5, 8, 53, 29, 20, 13, 37, 26, 4, 1, 40, 47, 45, 48, 17, 54, 49, 18, 50, 21, 32, 55, 41, 59, 3, 0, 39]",False,145
22:54:09 28/12/2020,252,18022,3008710,"[33, 15, 34, 19, 42, 11, 10, 7, 27, 36, 28, 6, 44, 38, 9, 2, 14, 43, 16, 12, 35, 24, 22, 30, 46, 31, 25, 57, 56, 52, 58, 23, 51, 5, 8, 53, 29, 20, 13, 37, 26, 4, 1, 40, 47, 45, 48, 17, 54, 49, 18, 50, 21, 32, 55, 41, 59, 3, 0, 39]",False,146
22:54:09 28/12/2020,253,18094,3008710,"[33, 15, 34, 19, 42, 11, 10, 7, 27, 36, 28, 6, 44, 38, 9, 2, 14, 43, 16, 12, 35, 24, 22, 30, 46, 31, 25, 57, 56, 52, 58, 23, 51, 5, 8, 53, 29, 20, 13, 37, 26, 4, 1, 40, 47, 45, 48, 17, 54, 49, 18, 50, 21, 32, 55, 41, 59, 3, 0, 39]",False,147
22:54:16 28/12/2020,254,18167,3008710,"[33, 15, 34, 19, 42, 11, 10, 7, 27, 36, 28, 6, 44, 38, 9, 2, 14, 43, 16, 12, 35, 24, 22, 30, 46, 31, 25, 57, 56, 52, 58, 23, 51, 5, 8, 53, 29, 20, 13, 37, 26, 4, 1, 40, 47, 45, 48, 17, 54, 49, 18, 50, 21, 32, 55, 41, 59, 3, 0, 39]",True,148
22:54:22 28/12/2020,255,18240,3008710,"[33, 15, 34, 19, 42, 11, 10, 7, 27, 36, 28, 6, 44, 38, 9, 2, 14, 43, 16, 12, 35, 24, 22, 30, 46, 31, 25, 57, 56, 52, 58, 23, 51, 5, 8, 53, 29, 20, 13, 37, 26, 4, 1, 40, 47, 45, 48, 17, 54, 49, 18, 50, 21, 32, 55, 41, 59, 3, 0, 39]",True,149
22:54:22 28/12/2020,256,18312,3008710,"[33, 15, 34, 19, 42, 11, 10, 7, 27, 36, 28, 6, 44, 38, 9, 2, 14, 43, 16, 12, 35, 24, 22, 30, 46, 31, 25, 57, 56, 52, 58, 23, 51, 5, 8, 53, 29, 20, 13, 37, 26, 4, 1, 40, 47, 45, 48, 17, 54, 49, 18, 50, 21, 32, 55, 41, 59, 3, 0, 39]",False,150
-,-,-,-,-,132,-
